Nome	ID Lattes	ID Scholar	Ano do Doutorado	Idade Acadêmica	Participações em Projetos (total)	Projetos Coordenados (total)	Projetos (total)	Orientações de Mestrado (total)	Orientações de Doutorado (total)	Orientações (total)	Bancas de Mestrado (total)	Bancas de Doutorado (total)	Bancas (total)	Publicações em Congressos (total)	Publicações em Periódicos (total)	Publicações Indexadas JCR (total)	Publicações (total)	Participações em Projetos	Projetos Coordenados	Projetos	Orientações de Mestrado	Orientações de Doutorado	Orientações	Bancas de Mestrado	Bancas de Doutorado	Bancas	Publicações em Congressos	Publicações em Periódicos	Publicações	Publicações Indexadas JCR	Citações (total)	H-Index (total)	Citações	Participações em Projetos (anual)	Projetos Coordenados (anual)	Projetos (anual)	Orientações de Mestrado (anual)	Orientações de Doutorado (anual)	Orientações (anual)	Bancas de Mestrado (anual)	Bancas de Doutorado (anual)	Bancas (anual)	Publicações em Congressos (anual)	Publicações em Periódicos (anual)	Publicações Indexadas JCR (anual)	Publicações (anual)	Citações (anual)	H-Index (anual)
Alba Cristina Magalhães Alves de Melo	5123602572479168	vM_I8f4AAAAJ	1996,0	22,0	7,0	6,0	13,0	22,0	4,0	26,0	18,0	3,0	21,0	86,0	30,0	22,0	116,0	0,0	3,0	3,0	3,0	3,0	6,0	4,0	2,0	6,0	13,0	15,0	28,0	13,0	853,0	15,0	536,0	0,3181818181818182	0,2727272727272727	0,5909090909090909	1,0	0,18181818181818182	1,1818181818181819	0,8181818181818182	0,13636363636363635	0,9545454545454546	3,909090909090909	1,3636363636363635	1,0	5,2727272727272725	38,77272727272727	0,6818181818181818
Alceu de Souza Britto Jr	4251936710939364	pRK8DCUAAAAJ	2001,0	17,0	18,0	15,0	33,0	23,0	7,0	30,0	34,0	17,0	51,0	76,0	26,0	21,0	102,0	0,0	4,0	4,0	8,0	3,0	11,0	15,0	12,0	27,0	18,0	12,0	30,0	12,0	1456,0	22,0	865,0	1,0588235294117647	0,8823529411764706	1,9411764705882353	1,3529411764705883	0,4117647058823529	1,7647058823529411	2,0	1,0	3,0	4,470588235294118	1,5294117647058822	1,2352941176470589	6,0	85,6470588235294	1,2941176470588236
Antonio Marinho Pilla Barcellos	2784404872572914	gYziq3EAAAAJ	1998,0	20,0	12,0	9,0	21,0	19,0	5,0	24,0	49,0	11,0	60,0	105,0	23,0	18,0	128,0	2,0	4,0	6,0	4,0	3,0	7,0	5,0	7,0	12,0	27,0	11,0	38,0	10,0	1156,0	17,0	804,0	0,6	0,45	1,05	0,95	0,25	1,2	2,45	0,55	3,0	5,25	1,15	0,9	6,4	57,8	0,85
Artur Ziviani	0472856771871140	3ZF4AIEAAAAJ	2003,0	15,0	20,0	20,0	40,0	10,0	3,0	13,0	68,0	37,0	105,0	89,0	46,0	33,0	135,0	2,0	6,0	8,0	2,0	1,0	3,0	26,0	20,0	46,0	25,0	11,0	36,0	9,0	2200,0	22,0	1106,0	1,3333333333333333	1,3333333333333333	2,6666666666666665	0,6666666666666666	0,2	0,8666666666666667	4,533333333333333	2,466666666666667	7,0	5,933333333333334	3,066666666666667	2,2	9,0	146,66666666666666	1,4666666666666666
Bruno Feijo	8249534204731109	XnyRAcIAAAAJ	1988,0	30,0	0,0	4,0	4,0	42,0	22,0	64,0	16,0	13,0	29,0	89,0	40,0	8,0	129,0	0,0	0,0	0,0	7,0	5,0	12,0	0,0	0,0	0,0	19,0	10,0	29,0	3,0	1395,0	20,0	559,0	0,0	0,13333333333333333	0,13333333333333333	1,4	0,7333333333333333	2,1333333333333333	0,5333333333333333	0,43333333333333335	0,9666666666666667	2,966666666666667	1,3333333333333333	0,26666666666666666	4,3	46,5	0,6666666666666666
Bruno Richard Schulze	4448540530244733	Esjp3ToAAAAJ	1999,0	19,0	8,0	29,0	37,0	21,0	7,0	28,0	62,0	29,0	91,0	78,0	47,0	38,0	125,0	3,0	4,0	7,0	9,0	7,0	16,0	12,0	15,0	27,0	14,0	11,0	25,0	9,0	1580,0	17,0	288,0	0,42105263157894735	1,5263157894736843	1,9473684210526316	1,105263157894737	0,3684210526315789	1,4736842105263157	3,263157894736842	1,5263157894736843	4,7894736842105265	4,105263157894737	2,473684210526316	2,0	6,578947368421052	83,15789473684211	0,8947368421052632
Carlos Becker Westphall	4386203755404108	ah0TWZIAAAAJ	1991,0	27,0	0,0	10,0	10,0	90,0	6,0	96,0	6,0	11,0	17,0	231,0	48,0	18,0	279,0	0,0	2,0	2,0	8,0	3,0	11,0	2,0	4,0	6,0	23,0	13,0	36,0	3,0	2174,0	19,0	1348,0	0,0	0,37037037037037035	0,37037037037037035	3,3333333333333335	0,2222222222222222	3,5555555555555554	0,2222222222222222	0,4074074074074074	0,6296296296296297	8,555555555555555	1,7777777777777777	0,6666666666666666	10,333333333333334	80,51851851851852	0,7037037037037037
Carlos Eduardo Ferreira	9284531339856547	Qi8vq7UAAAAJ	1994,0	24,0	1,0	6,0	7,0	17,0	7,0	24,0	114,0	30,0	144,0	25,0	32,0	25,0	57,0	1,0	1,0	2,0	2,0	3,0	5,0	5,0	5,0	10,0	5,0	6,0	11,0	4,0	1326,0	18,0	570,0	0,041666666666666664	0,25	0,2916666666666667	0,7083333333333334	0,2916666666666667	1,0	4,75	1,25	6,0	1,0416666666666667	1,3333333333333333	1,0416666666666667	2,375	55,25	0,75
Célio Vinicius Neves de Albuquerque	4641684220602580	cB78oMQAAAAJ	2000,0	18,0	8,0	11,0	19,0	24,0	7,0	31,0	79,0	40,0	119,0	105,0	34,0	21,0	139,0	1,0	4,0	5,0	9,0	4,0	13,0	21,0	25,0	46,0	35,0	15,0	50,0	13,0	1874,0	20,0	900,0	0,4444444444444444	0,6111111111111112	1,0555555555555556	1,3333333333333333	0,3888888888888889	1,7222222222222223	4,388888888888889	2,2222222222222223	6,611111111111111	5,833333333333333	1,8888888888888888	1,1666666666666667	7,722222222222222	104,11111111111111	1,1111111111111112
Claudia Linhares Sales	6115379961132154	t967bf8AAAAJ	1996,0	22,0	2,0	8,0	10,0	11,0	3,0	14,0	5,0	10,0	15,0	17,0	26,0	21,0	43,0	0,0	0,0	0,0	1,0	1,0	2,0	0,0	0,0	0,0	0,0	8,0	8,0	7,0	282,0	8,0	119,0	0,09090909090909091	0,36363636363636365	0,45454545454545453	0,5	0,13636363636363635	0,6363636363636364	0,22727272727272727	0,45454545454545453	0,6818181818181818	0,7727272727272727	1,1818181818181819	0,9545454545454546	1,9545454545454546	12,818181818181818	0,36363636363636365
Claudia Maria Lima Werner	9719247117370600	Ejog01AAAAAJ	1992,0	26,0	15,0	14,0	29,0	47,0	16,0	63,0	103,0	57,0	160,0	254,0	47,0	19,0	301,0	3,0	4,0	7,0	5,0	6,0	11,0	22,0	17,0	39,0	38,0	11,0	49,0	4,0	3699,0	31,0	1581,0	0,5769230769230769	0,5384615384615384	1,1153846153846154	1,8076923076923077	0,6153846153846154	2,423076923076923	3,9615384615384617	2,1923076923076925	6,153846153846154	9,76923076923077	1,8076923076923077	0,7307692307692307	11,576923076923077	142,26923076923077	1,1923076923076923
Cristina Gomes Fernandes	1399158997660627	XnaNOq8AAAAJ	1997,0	21,0	11,0	1,0	12,0	9,0	2,0	11,0	22,0	11,0	33,0	12,0	23,0	19,0	35,0	2,0	0,0	2,0	2,0	2,0	4,0	5,0	6,0	11,0	0,0	11,0	11,0	11,0	736,0	14,0	334,0	0,5238095238095238	0,047619047619047616	0,5714285714285714	0,42857142857142855	0,09523809523809523	0,5238095238095238	1,0476190476190477	0,5238095238095238	1,5714285714285714	0,5714285714285714	1,0952380952380953	0,9047619047619048	1,6666666666666667	35,04761904761905	0,6666666666666666
Daniel Schwabe	5842794652841557	reAUXs0AAAAJ	1981,0	37,0	0,0	5,0	5,0	51,0	10,0	61,0	0,0	2,0	2,0	74,0	36,0	17,0	110,0	0,0	3,0	3,0	7,0	3,0	10,0	0,0	0,0	0,0	8,0	3,0	11,0	2,0	7925,0	40,0	1268,0	0,0	0,13513513513513514	0,13513513513513514	1,3783783783783783	0,2702702702702703	1,6486486486486487	0,0	0,05405405405405406	0,05405405405405406	2,0	0,972972972972973	0,4594594594594595	2,972972972972973	214,1891891891892	1,0810810810810811
Edmundo Roberto Mauro Madeira	1870389730408675	4AGL2sIAAAAJ	1991,0	27,0	22,0	11,0	33,0	49,0	18,0	67,0	0,0	0,0	0,0	208,0	60,0	41,0	268,0	6,0	4,0	10,0	5,0	9,0	14,0	0,0	0,0	0,0	54,0	25,0	79,0	16,0	2441,0	21,0	1483,0	0,8148148148148148	0,4074074074074074	1,2222222222222223	1,8148148148148149	0,6666666666666666	2,4814814814814814	0,0	0,0	0,0	7,703703703703703	2,2222222222222223	1,5185185185185186	9,925925925925926	90,4074074074074	0,7777777777777778
Eduardo Coelho Cerqueira	1028151705135221	6Oexn7IAAAAJ	2008,0	10,0	17,0	16,0	33,0	23,0	2,0	25,0	28,0	9,0	37,0	139,0	44,0	31,0	183,0	3,0	5,0	8,0	8,0	2,0	10,0	13,0	8,0	21,0	65,0	28,0	93,0	22,0	1773,0	22,0	1459,0	1,7	1,6	3,3	2,3	0,2	2,5	2,8	0,9	3,7	13,9	4,4	3,1	18,3	177,3	2,2
Eduardo Santana de Almeida	8538761803577291	hA_SnHoAAAAJ	2007,0	11,0	19,0	18,0	37,0	37,0	7,0	44,0	13,0	14,0	27,0	182,0	42,0	35,0	224,0	1,0	3,0	4,0	6,0	6,0	12,0	6,0	12,0	18,0	45,0	27,0	72,0	25,0	3016,0	26,0	1791,0	1,7272727272727273	1,6363636363636365	3,3636363636363638	3,3636363636363638	0,6363636363636364	4,0	1,1818181818181819	1,2727272727272727	2,4545454545454546	16,545454545454547	3,8181818181818183	3,1818181818181817	20,363636363636363	274,1818181818182	2,3636363636363638
Elias Procópio Duarte Júnior	5464351563900900	BC8w04cAAAAJ	1997,0	21,0	3,0	13,0	16,0	35,0	10,0	45,0	55,0	19,0	74,0	142,0	39,0	23,0	181,0	2,0	2,0	4,0	6,0	7,0	13,0	13,0	11,0	24,0	37,0	17,0	54,0	10,0	878,0	14,0	328,0	0,14285714285714285	0,6190476190476191	0,7619047619047619	1,6666666666666667	0,47619047619047616	2,142857142857143	2,619047619047619	0,9047619047619048	3,5238095238095237	6,761904761904762	1,8571428571428572	1,0952380952380953	8,619047619047619	41,80952380952381	0,6666666666666666
Estevam Rafael Hruschka Júnior	2097340857065853	19J-aOkAAAAJ	2003,0	15,0	6,0	9,0	15,0	10,0	4,0	14,0	27,0	28,0	55,0	82,0	26,0	17,0	108,0	0,0	4,0	4,0	4,0	3,0	7,0	8,0	15,0	23,0	25,0	10,0	35,0	7,0	2960,0	18,0	2215,0	0,4	0,6	1,0	0,6666666666666666	0,26666666666666666	0,9333333333333333	1,8	1,8666666666666667	3,6666666666666665	5,466666666666667	1,7333333333333334	1,1333333333333333	7,2	197,33333333333334	1,2
Fabian Luis Vargas	9050311050537919		1995,0	23,0	2,0	28,0	30,0	37,0	2,0	39,0	17,0	14,0	31,0	174,0	42,0	22,0	216,0	1,0	2,0	3,0	6,0	2,0	8,0	13,0	9,0	22,0	30,0	14,0	44,0	9,0				0,08695652173913043	1,2173913043478262	1,3043478260869565	1,608695652173913	0,08695652173913043	1,6956521739130435	0,7391304347826086	0,6086956521739131	1,3478260869565217	7,565217391304348	1,826086956521739	0,9565217391304348	9,391304347826088		
Fabio Kon	2342739419247924	VE8BW84AAAAJ	2000,0	18,0	3,0	9,0	12,0	23,0	11,0	34,0	65,0	24,0	89,0	120,0	33,0	16,0	153,0	0,0	3,0	3,0	4,0	6,0	10,0	4,0	2,0	6,0	19,0	13,0	32,0	7,0	4472,0	29,0	1251,0	0,16666666666666666	0,5	0,6666666666666666	1,2777777777777777	0,6111111111111112	1,8888888888888888	3,611111111111111	1,3333333333333333	4,944444444444445	6,666666666666667	1,8333333333333333	0,8888888888888888	8,5	248,44444444444446	1,6111111111111112
Flávia Coimbra Delicato	5386282151810710	_oZgWqEAAAAJ	2005,0	13,0	20,0	13,0	33,0	14,0	5,0	19,0	37,0	11,0	48,0	118,0	42,0	30,0	160,0	4,0	4,0	8,0	1,0	4,0	5,0	10,0	7,0	17,0	45,0	30,0	75,0	22,0	1631,0	21,0	1225,0	1,5384615384615385	1,0	2,5384615384615383	1,0769230769230769	0,38461538461538464	1,4615384615384615	2,8461538461538463	0,8461538461538461	3,6923076923076925	9,076923076923077	3,230769230769231	2,3076923076923075	12,307692307692308	125,46153846153847	1,6153846153846154
George Darmiton da Cunha Cavalcanti	8577312109146354	0dSAy8IAAAAJ	2005,0	13,0	9,0	17,0	26,0	63,0	12,0	75,0	103,0	33,0	136,0	155,0	39,0	37,0	194,0	2,0	4,0	6,0	35,0	11,0	46,0	47,0	27,0	74,0	53,0	32,0	85,0	31,0	1485,0	19,0	1160,0	0,6923076923076923	1,3076923076923077	2,0	4,846153846153846	0,9230769230769231	5,769230769230769	7,923076923076923	2,5384615384615383	10,461538461538462	11,923076923076923	3,0	2,8461538461538463	14,923076923076923	114,23076923076923	1,4615384615384615
Gerson Zaverucha	5117568495536090	UewoVZ0AAAAJ	1990,0	28,0	9,0	5,0	14,0	24,0	8,0	32,0	30,0	21,0	51,0	106,0	15,0	12,0	121,0	0,0	0,0	0,0	4,0	2,0	6,0	1,0	0,0	1,0	5,0	7,0	12,0	5,0	838,0	15,0	263,0	0,32142857142857145	0,17857142857142858	0,5	0,8571428571428571	0,2857142857142857	1,1428571428571428	1,0714285714285714	0,75	1,8214285714285714	3,7857142857142856	0,5357142857142857	0,42857142857142855	4,321428571428571	29,928571428571427	0,5357142857142857
Guilherme Horta Travassos	7541486051032916	hn4LDmkAAAAJ	1994,0	24,0	0,0	8,0	8,0	39,0	16,0	55,0	10,0	6,0	16,0	248,0	45,0	23,0	293,0	0,0	2,0	2,0	8,0	3,0	11,0	0,0	2,0	2,0	34,0	18,0	52,0	7,0	6690,0	38,0	2960,0	0,0	0,3333333333333333	0,3333333333333333	1,625	0,6666666666666666	2,2916666666666665	0,4166666666666667	0,25	0,6666666666666666	10,333333333333334	1,875	0,9583333333333334	12,208333333333334	278,75	1,5833333333333333
João Paulo Papa	9039182932747194	8hU3dn8AAAAJ	2008,0	10,0	21,0	10,0	31,0	15,0	3,0	18,0	26,0	16,0	42,0	156,0	84,0	60,0	240,0	4,0	6,0	10,0	11,0	3,0	14,0	21,0	9,0	30,0	80,0	62,0	142,0	44,0	2996,0	27,0	2440,0	2,1	1,0	3,1	1,5	0,3	1,8	2,6	1,6	4,2	15,6	8,4	6,0	24,0	299,6	2,7
Joni da Silva Fraga	8679800047341353	4i_MfGIAAAAJ	1985,0	33,0	6,0	16,0	22,0	36,0	17,0	53,0	77,0	28,0	105,0	215,0	23,0	8,0	238,0	0,0	0,0	0,0	0,0	3,0	3,0	0,0	3,0	3,0	15,0	3,0	18,0	2,0	1159,0	18,0	341,0	0,18181818181818182	0,48484848484848486	0,6666666666666666	1,0909090909090908	0,5151515151515151	1,606060606060606	2,3333333333333335	0,8484848484848485	3,1818181818181817	6,515151515151516	0,696969696969697	0,24242424242424243	7,212121212121212	35,121212121212125	0,5454545454545454
José Ferreira de Rezende	8588117212005149	G6UXKicAAAAJ	1997,0	21,0	13,0	6,0	19,0	28,0	14,0	42,0	31,0	15,0	46,0	142,0	29,0	21,0	171,0	0,0	0,0	0,0	4,0	3,0	7,0	0,0	0,0	0,0	9,0	6,0	15,0	5,0	1959,0	21,0	562,0	0,6190476190476191	0,2857142857142857	0,9047619047619048	1,3333333333333333	0,6666666666666666	2,0	1,4761904761904763	0,7142857142857143	2,1904761904761907	6,761904761904762	1,380952380952381	1,0	8,142857142857142	93,28571428571429	1,0
Jose Neuman de Souza	3614256141054800		1994,0	24,0	4,0	17,0	21,0	29,0	11,0	40,0	66,0	37,0	103,0	132,0	52,0	39,0	184,0	0,0	2,0	2,0	2,0	6,0	8,0	1,0	18,0	19,0	31,0	21,0	52,0	20,0				0,16666666666666666	0,7083333333333334	0,875	1,2083333333333333	0,4583333333333333	1,6666666666666667	2,75	1,5416666666666667	4,291666666666667	5,5	2,1666666666666665	1,625	7,666666666666667		
Judith Kelner	7532050172035129	flG1Hw4AAAAJ	1993,0	25,0	21,0	34,0	55,0	51,0	14,0	65,0	98,0	25,0	123,0	200,0	41,0	24,0	241,0	5,0	3,0	8,0	15,0	7,0	22,0	19,0	10,0	29,0	41,0	9,0	50,0	7,0	2507,0	20,0	1392,0	0,84	1,36	2,2	2,04	0,56	2,6	3,92	1,0	4,92	8,0	1,64	0,96	9,64	100,28	0,8
Julio Cesar Sampaio do Prado Leite	6871006250321522	ZHyciAQAAAAJ	1988,0	30,0	0,0	6,0	6,0	32,0	21,0	53,0	82,0	44,0	126,0	188,0	45,0	14,0	233,0	0,0	2,0	2,0	3,0	7,0	10,0	8,0	8,0	16,0	39,0	13,0	52,0	2,0	6449,0	38,0	2205,0	0,0	0,2	0,2	1,0666666666666667	0,7	1,7666666666666666	2,7333333333333334	1,4666666666666666	4,2	6,266666666666667	1,5	0,4666666666666667	7,766666666666667	214,96666666666667	1,2666666666666666
Lúcia Maria de Assumpção Drummond	9314029648579658	UhYdnvYAAAAJ	1994,0	24,0	9,0	4,0	13,0	24,0	8,0	32,0	24,0	20,0	44,0	71,0	24,0	20,0	95,0	0,0	0,0	0,0	5,0	6,0	11,0	7,0	8,0	15,0	22,0	11,0	33,0	9,0	1092,0	16,0	561,0	0,375	0,16666666666666666	0,5416666666666666	1,0	0,3333333333333333	1,3333333333333333	1,0	0,8333333333333334	1,8333333333333333	2,9583333333333335	1,0	0,8333333333333334	3,9583333333333335	45,5	0,6666666666666666
Luciana Salete Buriol	8337454058604654	5BoIwjYAAAAJ	2003,0	15,0	3,0	7,0	10,0	6,0	4,0	10,0	27,0	25,0	52,0	70,0	25,0	23,0	95,0	0,0	1,0	1,0	3,0	3,0	6,0	11,0	15,0	26,0	22,0	16,0	38,0	15,0	2066,0	19,0	1106,0	0,2	0,4666666666666667	0,6666666666666666	0,4	0,26666666666666666	0,6666666666666666	1,8	1,6666666666666667	3,466666666666667	4,666666666666667	1,6666666666666667	1,5333333333333334	6,333333333333333	137,73333333333332	1,2666666666666666
Luciano Paschoal Gaspary	3059640410928425	SnT7z5wAAAAJ	2002,0	16,0	13,0	14,0	27,0	17,0	3,0	20,0	66,0	22,0	88,0	160,0	29,0	25,0	189,0	1,0	1,0	2,0	5,0	3,0	8,0	13,0	10,0	23,0	39,0	15,0	54,0	14,0	1301,0	18,0	704,0	0,8125	0,875	1,6875	1,0625	0,1875	1,25	4,125	1,375	5,5	10,0	1,8125	1,5625	11,8125	81,3125	1,125
Luciano Silva	9578832375902806	_xB5NUgAAAAJ	2003,0	15,0	10,0	8,0	18,0	20,0	7,0	27,0	3,0	5,0	8,0	90,0	31,0	13,0	121,0	0,0	2,0	2,0	3,0	7,0	10,0	0,0	1,0	1,0	16,0	5,0	21,0	4,0	1778,0	20,0	865,0	0,6666666666666666	0,5333333333333333	1,2	1,3333333333333333	0,4666666666666667	1,8	0,2	0,3333333333333333	0,5333333333333333	6,0	2,066666666666667	0,8666666666666667	8,066666666666666	118,53333333333333	1,3333333333333333
Luerbio Faria	3965328361563422		1998,0	20,0	9,0	16,0	25,0	6,0	6,0	12,0	36,0	16,0	52,0	31,0	34,0	31,0	65,0	0,0	8,0	8,0	4,0	4,0	8,0	14,0	8,0	22,0	10,0	14,0	24,0	13,0				0,45	0,8	1,25	0,3	0,3	0,6	1,8	0,8	2,6	1,55	1,7	1,55	3,25		
Luiz Eduardo Soares de Oliveira	8607171759049558	oMgb9jgAAAAJ	2003,0	15,0	9,0	18,0	27,0	21,0	8,0	29,0	59,0	20,0	79,0	114,0	50,0	39,0	164,0	1,0	6,0	7,0	7,0	5,0	12,0	25,0	15,0	40,0	33,0	23,0	56,0	20,0	3538,0	32,0	2136,0	0,6	1,2	1,8	1,4	0,5333333333333333	1,9333333333333333	3,933333333333333	1,3333333333333333	5,266666666666667	7,6	3,3333333333333335	2,6	10,933333333333334	235,86666666666667	2,1333333333333333
Luiza de Macedo Mourelle	4189604454431782	3StQ65IAAAAJ	1998,0	20,0	8,0	14,0	22,0	24,0	0,0	24,0	27,0	2,0	29,0	122,0	132,0	45,0	254,0	1,0	2,0	3,0	15,0	0,0	15,0	12,0	1,0	13,0	43,0	29,0	72,0	20,0	1774,0	22,0	882,0	0,4	0,7	1,1	1,2	0,0	1,2	1,35	0,1	1,45	6,1	6,6	2,25	12,7	88,7	1,1
Marcelo Henriques de Carvalho	4512658167877638	Q_F5v5wAAAAJ	1996,0	22,0	0,0	8,0	8,0	5,0	1,0	6,0	5,0	5,0	10,0	9,0	26,0	22,0	35,0	0,0	4,0	4,0	0,0	1,0	1,0	0,0	0,0	0,0	3,0	9,0	12,0	7,0	141,0	7,0	77,0	0,0	0,36363636363636365	0,36363636363636365	0,22727272727272727	0,045454545454545456	0,2727272727272727	0,22727272727272727	0,22727272727272727	0,45454545454545453	0,4090909090909091	1,1818181818181819	1,0	1,5909090909090908	6,409090909090909	0,3181818181818182
Marco Tulio de Oliveira Valente	2147157840592913	0vFkqMIAAAAJ	2002,0	16,0	1,0	12,0	13,0	29,0	7,0	36,0	38,0	25,0	63,0	87,0	38,0	20,0	125,0	0,0	5,0	5,0	14,0	7,0	21,0	15,0	14,0	29,0	42,0	20,0	62,0	11,0	1698,0	22,0	1335,0	0,0625	0,75	0,8125	1,8125	0,4375	2,25	2,375	1,5625	3,9375	5,4375	2,375	1,25	7,8125	106,125	1,375
Marcos Roberto da Silva Borges	5378961528259963	mpUAlpoAAAAJ	1986,0	32,0	0,0	20,0	20,0	61,0	11,0	72,0	68,0	39,0	107,0	219,0	48,0	27,0	267,0	0,0	3,0	3,0	3,0	4,0	7,0	5,0	10,0	15,0	44,0	7,0	51,0	5,0	3543,0	29,0	1220,0	0,0	0,625	0,625	1,90625	0,34375	2,25	2,125	1,21875	3,34375	6,84375	1,5	0,84375	8,34375	110,71875	0,90625
Maria da Graca Campos Pimentel	4962820320879891	2z--uNYAAAAJ	1994,0	24,0	5,0	14,0	19,0	36,0	11,0	47,0	46,0	21,0	67,0	120,0	28,0	14,0	148,0	2,0	3,0	5,0	6,0	3,0	9,0	0,0	0,0	0,0	17,0	6,0	23,0	3,0	1933,0	20,0	552,0	0,20833333333333334	0,5833333333333334	0,7916666666666666	1,5	0,4583333333333333	1,9583333333333333	1,9166666666666667	0,875	2,7916666666666665	5,0	1,1666666666666667	0,5833333333333334	6,166666666666667	80,54166666666667	0,8333333333333334
Mauricio Ayala Rincon	8466420403941522	hd3UcpsAAAAJ	1993,0	25,0	2,0	16,0	18,0	26,0	9,0	35,0	15,0	15,0	30,0	86,0	48,0	18,0	134,0	0,0	4,0	4,0	5,0	5,0	10,0	5,0	10,0	15,0	23,0	18,0	41,0	6,0	940,0	17,0	505,0	0,08	0,64	0,72	1,04	0,36	1,4	0,6	0,6	1,2	3,44	1,92	0,72	5,36	37,6	0,68
Mitre Costa Dourado	0841425239502177		2005,0	13,0	2,0	5,0	7,0	3,0	8,0	11,0	14,0	8,0	22,0	29,0	57,0	45,0	86,0	0,0	1,0	1,0	2,0	5,0	7,0	10,0	5,0	15,0	10,0	30,0	40,0	25,0				0,15384615384615385	0,38461538461538464	0,5384615384615384	0,23076923076923078	0,6153846153846154	0,8461538461538461	1,0769230769230769	0,6153846153846154	1,6923076923076923	2,230769230769231	4,384615384615385	3,4615384615384617	6,615384615384615		
Nadia Nedjah	5417946704251656	aE-vExgAAAAJ	1997,0	21,0	4,0	18,0	22,0	26,0	2,0	28,0	33,0	11,0	44,0	159,0	107,0	61,0	266,0	0,0	6,0	6,0	16,0	2,0	18,0	19,0	9,0	28,0	52,0	40,0	92,0	29,0	2281,0	23,0	1201,0	0,19047619047619047	0,8571428571428571	1,0476190476190477	1,2380952380952381	0,09523809523809523	1,3333333333333333	1,5714285714285714	0,5238095238095238	2,0952380952380953	7,571428571428571	5,095238095238095	2,9047619047619047	12,666666666666666	108,61904761904762	1,0952380952380953
Olga Regina Pereira Bellon	5948590274082247	YBjOLlsAAAAJ	1997,0	21,0	1,0	12,0	13,0	26,0	10,0	36,0	17,0	9,0	26,0	108,0	30,0	12,0	138,0	0,0	2,0	2,0	3,0	7,0	10,0	0,0	3,0	3,0	17,0	3,0	20,0	3,0	1767,0	20,0	838,0	0,047619047619047616	0,5714285714285714	0,6190476190476191	1,2380952380952381	0,47619047619047616	1,7142857142857142	0,8095238095238095	0,42857142857142855	1,2380952380952381	5,142857142857143	1,4285714285714286	0,5714285714285714	6,571428571428571	84,14285714285714	0,9523809523809523
Paulo Henrique Monteiro Borba	9395715443254344	PpRDLgcAAAAJ	1995,0	23,0	10,0	21,0	31,0	38,0	12,0	50,0	70,0	43,0	113,0	131,0	43,0	19,0	174,0	1,0	1,0	2,0	8,0	3,0	11,0	10,0	21,0	31,0	17,0	19,0	36,0	9,0	3970,0	32,0	1391,0	0,43478260869565216	0,9130434782608695	1,3478260869565217	1,6521739130434783	0,5217391304347826	2,1739130434782608	3,0434782608695654	1,8695652173913044	4,913043478260869	5,695652173913044	1,8695652173913044	0,8260869565217391	7,565217391304348	172,6086956521739	1,391304347826087
Paulo Roberto Oliveira	7280159257989330	55Or75UAAAAJ	1977,0	41,0	1,0	1,0	2,0	27,0	33,0	60,0	19,0	20,0	39,0	10,0	51,0	37,0	61,0	0,0	0,0	0,0	3,0	5,0	8,0	1,0	2,0	3,0	1,0	19,0	20,0	15,0	1162,0	17,0	800,0	0,024390243902439025	0,024390243902439025	0,04878048780487805	0,6585365853658537	0,8048780487804879	1,4634146341463414	0,4634146341463415	0,4878048780487805	0,9512195121951219	0,24390243902439024	1,2439024390243902	0,9024390243902439	1,4878048780487805	28,341463414634145	0,4146341463414634
Renato Antonio Celso Ferreira	3446817929796674	Y7Ce3MUAAAAJ	2001,0	17,0	24,0	7,0	31,0	29,0	2,0	31,0	22,0	3,0	25,0	87,0	17,0	14,0	104,0	2,0	3,0	5,0	8,0	0,0	8,0	2,0	1,0	3,0	22,0	5,0	27,0	4,0	2919,0	28,0	1402,0	1,411764705882353	0,4117647058823529	1,8235294117647058	1,7058823529411764	0,11764705882352941	1,8235294117647058	1,2941176470588236	0,17647058823529413	1,4705882352941178	5,117647058823529	1,0	0,8235294117647058	6,117647058823529	171,7058823529412	1,6470588235294117
Renato Portugal	2605062132611045	5h5_npsAAAAJ	1988,0	30,0	1,0	14,0	15,0	16,0	12,0	28,0	10,0	16,0	26,0	37,0	68,0	47,0	105,0	0,0	6,0	6,0	6,0	5,0	11,0	4,0	8,0	12,0	5,0	28,0	33,0	18,0	1397,0	20,0	848,0	0,03333333333333333	0,4666666666666667	0,5	0,5333333333333333	0,4	0,9333333333333333	0,3333333333333333	0,5333333333333333	0,8666666666666667	1,2333333333333334	2,2666666666666666	1,5666666666666667	3,5	46,56666666666667	0,6666666666666666
Rosane Minghim	5138799833042314	TodwpSwAAAAJ	1995,0	23,0	8,0	7,0	15,0	19,0	9,0	28,0	29,0	7,0	36,0	53,0	35,0	31,0	88,0	0,0	1,0	1,0	2,0	3,0	5,0	0,0	0,0	0,0	12,0	12,0	24,0	10,0	2110,0	24,0	1169,0	0,34782608695652173	0,30434782608695654	0,6521739130434783	0,8260869565217391	0,391304347826087	1,2173913043478262	1,2608695652173914	0,30434782608695654	1,565217391304348	2,3043478260869565	1,5217391304347827	1,3478260869565217	3,8260869565217392	91,73913043478261	1,0434782608695652
Simone Dantas de Souza	3864440795364252		2002,0	16,0	0,0	14,0	14,0	6,0	4,0	10,0	12,0	10,0	22,0	45,0	48,0	44,0	93,0	0,0	8,0	8,0	4,0	3,0	7,0	8,0	5,0	13,0	16,0	31,0	47,0	30,0				0,0	0,875	0,875	0,375	0,25	0,625	0,75	0,625	1,375	2,8125	3,0	2,75	5,8125		
Soraia Raupp Musse	2302314954133011	MyKLYVMAAAAJ	2000,0	18,0	0,0	18,0	18,0	30,0	8,0	38,0	21,0	12,0	33,0	95,0	37,0	18,0	132,0	0,0	7,0	7,0	4,0	5,0	9,0	4,0	5,0	9,0	22,0	11,0	33,0	6,0	3743,0	26,0	1576,0	0,0	1,0	1,0	1,6666666666666667	0,4444444444444444	2,111111111111111	1,1666666666666667	0,6666666666666666	1,8333333333333333	5,277777777777778	2,0555555555555554	1,0	7,333333333333333	207,94444444444446	1,4444444444444444
Thais Vasconcelos Batista	5521922960404236	i09uEnwAAAAJ	2000,0	18,0	7,0	9,0	16,0	27,0	8,0	35,0	44,0	19,0	63,0	164,0	23,0	10,0	187,0	0,0	1,0	1,0	6,0	5,0	11,0	9,0	7,0	16,0	55,0	13,0	68,0	7,0	2172,0	22,0	1134,0	0,3888888888888889	0,5	0,8888888888888888	1,5	0,4444444444444444	1,9444444444444444	2,4444444444444446	1,0555555555555556	3,5	9,11111111111111	1,2777777777777777	0,5555555555555556	10,38888888888889	120,66666666666667	1,2222222222222223
