<CURRICULO-VITAE SISTEMA-ORIGEM-XML="LATTES_OFFLINE" NUMERO-IDENTIFICADOR="4160029697609616" FORMATO-DATA-ATUALIZACAO="DDMMAAAA" DATA-ATUALIZACAO="12032015" FORMATO-HORA-ATUALIZACAO="HHMMSS" HORA-ATUALIZACAO="144629"><DADOS-GERAIS NOME-COMPLETO="Otton Teixeira da Silveira Filho" NOME-EM-CITACOES-BIBLIOGRAFICAS="SILVEIRA FILHO, O. T." NACIONALIDADE="B" PAIS-DE-NASCIMENTO="Brasil" FORMATO-DATA-DE-NASCIMENTO="DDMMAAAA" FORMATO-DATA-DE-EMISSAO="DDMMAAAA" PERMISSAO-DE-DIVULGACAO="NAO" DATA-FALECIMENTO="" SIGLA-PAIS-NACIONALIDADE="BRA" PAIS-DE-NACIONALIDADE="Brasil"><RESUMO-CV TEXTO-RESUMO-CV-RH="Doutor em Modelagem Computacional pela Universidade do Estado do Rio de Janeiro (2002). Atualmente é outro Professor Associado III da Universidade Federal Fluminense. Tem experiência na área de metodos numericos para EDP, diferenças finitas, atuando principalmente nos seguintes temas: paralelismo, dispersão térmica, diferenças finitas, problemas hiperbólicos." TEXTO-RESUMO-CV-RH-EN="ph.d. at Modelagem Computacional from Universidade do Estado do Rio de Janeiro (2002). Has experience in Mechanical Engineering, focusing on Phenomena of Transport, acting on the following subjects: dispersão térmica, paralelismo, método de monte-carlo, meios porosos periódicos and marcha aleatória."/><OUTRAS-INFORMACOES-RELEVANTES OUTRAS-INFORMACOES-RELEVANTES=""/><ENDERECO FLAG-DE-PREFERENCIA="ENDERECO_INSTITUCIONAL"><ENDERECO-PROFISSIONAL CODIGO-INSTITUICAO-EMPRESA="000500000000" NOME-INSTITUICAO-EMPRESA="Universidade Federal Fluminense" CODIGO-ORGAO="000501000992" NOME-ORGAO="Instituto de Computação" CODIGO-UNIDADE="000501001999" NOME-UNIDADE="Departamento de Ciência da Computação" LOGRADOURO-COMPLEMENTO="Rua Passo da Pátria, 156" PAIS="Brasil" UF="RJ" CEP="24210-240" CIDADE="Niteroi" BAIRRO="Ingá" DDD="" TELEFONE="26295658" RAMAL="" FAX="" E-MAIL="otton@ic.uff.br" HOME-PAGE="http://www.ic.uff/~otton"/></ENDERECO><FORMACAO-ACADEMICA-TITULACAO><DOUTORADO SEQUENCIA-FORMACAO="1" NIVEL="4" CODIGO-INSTITUICAO="032600000000" NOME-INSTITUICAO="Universidade do Estado do Rio de Janeiro" CODIGO-CURSO="90000002" NOME-CURSO="Modelagem Computacional" CODIGO-AREA-CURSO="" STATUS-DO-CURSO="CONCLUIDO" ANO-DE-INICIO="1995" ANO-DE-CONCLUSAO="2002" FLAG-BOLSA="NAO" CODIGO-AGENCIA-FINANCIADORA="" NOME-AGENCIA="" ANO-DE-OBTENCAO-DO-TITULO="2003" TITULO-DA-DISSERTACAO-TESE="Dispersão Térmica em Meios Porosos" NOME-COMPLETO-DO-ORIENTADOR="Helio Pedro do Amaral Souto" TIPO-DOUTORADO="" CODIGO-INSTITUICAO-DOUT="" NOME-INSTITUICAO-DOUT="" CODIGO-INSTITUICAO-OUTRA-DOUT="" NOME-INSTITUICAO-OUTRA-DOUT="" NOME-ORIENTADOR-DOUT="" NUMERO-ID-ORIENTADOR="1999072996132654" CODIGO-CURSO-CAPES="" TITULO-DA-DISSERTACAO-TESE-INGLES="" NOME-CURSO-INGLES="" NOME-DO-ORIENTADOR-CO-TUTELA="" CODIGO-INSTITUICAO-OUTRA-CO-TUTELA="" CODIGO-INSTITUICAO-CO-TUTELA="" NOME-DO-ORIENTADOR-SANDUICHE="" CODIGO-INSTITUICAO-OUTRA-SANDUICHE="" CODIGO-INSTITUICAO-SANDUICHE="" NOME-DO-CO-ORIENTADOR=""><PALAVRAS-CHAVE PALAVRA-CHAVE-1="Dispesão Térmica" PALAVRA-CHAVE-2="Método de Monte-carlo" PALAVRA-CHAVE-3="Paralelismo" PALAVRA-CHAVE-4="" PALAVRA-CHAVE-5="" PALAVRA-CHAVE-6=""/><AREAS-DO-CONHECIMENTO><AREA-DO-CONHECIMENTO-1 NOME-GRANDE-AREA-DO-CONHECIMENTO="ENGENHARIAS" NOME-DA-AREA-DO-CONHECIMENTO="Engenharia Mecânica" NOME-DA-SUB-AREA-DO-CONHECIMENTO="Fenômenos de Transporte" NOME-DA-ESPECIALIDADE="Transferência de Calor"/></AREAS-DO-CONHECIMENTO><SETORES-DE-ATIVIDADE SETOR-DE-ATIVIDADE-1="Outros Setores" SETOR-DE-ATIVIDADE-2="" SETOR-DE-ATIVIDADE-3=""/><conceitoCapes/></DOUTORADO></FORMACAO-ACADEMICA-TITULACAO><ATUACOES-PROFISSIONAIS><ATUACAO-PROFISSIONAL CODIGO-INSTITUICAO="000500000000" NOME-INSTITUICAO="Universidade Federal Fluminense" SEQUENCIA-ATIVIDADE="1" SEQUENCIA-IMPORTANCIA=""><VINCULOS SEQUENCIA-HISTORICO="1" TIPO-DE-VINCULO="LIVRE" ENQUADRAMENTO-FUNCIONAL="OUTRO" CARGA-HORARIA-SEMANAL="40" FLAG-DEDICACAO-EXCLUSIVA="SIM" MES-INICIO="3" ANO-INICIO="1985" MES-FIM="" ANO-FIM="" OUTRAS-INFORMACOES="" FLAG-VINCULO-EMPREGATICIO="NAO" OUTRO-VINCULO-INFORMADO="Servidor público ou celetista" OUTRO-ENQUADRAMENTO-FUNCIONAL-INFORMADO="" OUTRO-ENQUADRAMENTO-FUNCIONAL-INFORMADO-INGLES="" OUTRAS-INFORMACOES-INGLES=""/><ATIVIDADES-DE-DIRECAO-E-ADMINISTRACAO><DIRECAO-E-ADMINISTRACAO SEQUENCIA-FUNCAO-ATIVIDADE="1" FLAG-PERIODO="ATUAL" MES-INICIO="3" ANO-INICIO="2000" MES-FIM="" ANO-FIM="" CODIGO-ORGAO="000501000992" NOME-ORGAO="Instituto de Computação" CODIGO-UNIDADE="000501001999" FORMATO-CARGO-OU-FUNCAO="LIVRE" CARGO-OU-FUNCAO="sub-chefe de departamento" NOME-UNIDADE="Departamento de Ciência da Computação" CARGO-OU-FUNCAO-INGLES=""/></ATIVIDADES-DE-DIRECAO-E-ADMINISTRACAO><ATIVIDADES-DE-PESQUISA-E-DESENVOLVIMENTO><PESQUISA-E-DESENVOLVIMENTO SEQUENCIA-FUNCAO-ATIVIDADE="2" FLAG-PERIODO="ATUAL" MES-INICIO="8" ANO-INICIO="1995" MES-FIM="" ANO-FIM="" CODIGO-ORGAO="000501000992" NOME-ORGAO="Instituto de Computação" CODIGO-UNIDADE="000501001999" NOME-UNIDADE="Departamento de Ciência da Computação"><LINHA-DE-PESQUISA SEQUENCIA-LINHA="1" TITULO-DA-LINHA-DE-PESQUISA="Modelagem Computacional" FLAG-LINHA-DE-PESQUISA-ATIVA="SIM" OBJETIVOS-LINHA-DE-PESQUISA="Modelagem matemática e computacional nas áreas de dispersão de calor em meios porosos, supercondutividade, fenômenos hiperbólicos e processamento de imagem" TITULO-DA-LINHA-DE-PESQUISA-INGLES="" OBJETIVOS-LINHA-DE-PESQUISA-INGLES=""/></PESQUISA-E-DESENVOLVIMENTO></ATIVIDADES-DE-PESQUISA-E-DESENVOLVIMENTO><ATIVIDADES-DE-ENSINO><ENSINO SEQUENCIA-FUNCAO-ATIVIDADE="3" FLAG-PERIODO="ATUAL" TIPO-ENSINO="GRADUACAO" MES-INICIO="8" ANO-INICIO="1985" MES-FIM="" ANO-FIM="" CODIGO-ORGAO="" NOME-ORGAO="" CODIGO-CURSO="90000003" NOME-CURSO="Ciencia da Computação" NOME-CURSO-INGLES=""><DISCIPLINA SEQUENCIA-ESPECIFICACAO="1">Informática I</DISCIPLINA><DISCIPLINA SEQUENCIA-ESPECIFICACAO="2">Métodos Numéricos II</DISCIPLINA><DISCIPLINA SEQUENCIA-ESPECIFICACAO="3">Introdução aos Métodos Numéricos</DISCIPLINA></ENSINO><ENSINO SEQUENCIA-FUNCAO-ATIVIDADE="5" FLAG-PERIODO="ATUAL" TIPO-ENSINO="POS-GRADUACAO" MES-INICIO="03" ANO-INICIO="2003" MES-FIM="" ANO-FIM="" CODIGO-ORGAO="" NOME-ORGAO="" CODIGO-CURSO="31020348" NOME-CURSO="Computação" NOME-CURSO-INGLES=""><DISCIPLINA SEQUENCIA-ESPECIFICACAO="1">Diferenças Finitas</DISCIPLINA><DISCIPLINA SEQUENCIA-ESPECIFICACAO="2">Métodos Numéricos para Equações Diferenciais Ordinárias</DISCIPLINA></ENSINO></ATIVIDADES-DE-ENSINO><ATIVIDADES-DE-CONSELHO-COMISSAO-E-CONSULTORIA><CONSELHO-COMISSAO-E-CONSULTORIA SEQUENCIA-FUNCAO-ATIVIDADE="8" FLAG-PERIODO="ANTERIOR" MES-INICIO="07" ANO-INICIO="2001" MES-FIM="06" ANO-FIM="2005" CODIGO-ORGAO="000503000990" NOME-ORGAO="Cecierj/Cederj" CODIGO-UNIDADE="" NOME-UNIDADE="" ESPECIFICACAO="Coordenador da Disciplina Introdução a Informática"/><CONSELHO-COMISSAO-E-CONSULTORIA SEQUENCIA-FUNCAO-ATIVIDADE="9" FLAG-PERIODO="ATUAL" MES-INICIO="01" ANO-INICIO="2006" MES-FIM="" ANO-FIM="" CODIGO-ORGAO="000503000990" NOME-ORGAO="Cecierj/Cederj" CODIGO-UNIDADE="" NOME-UNIDADE="" ESPECIFICACAO="Coordenador da Disciplina Probabilidade e Estatística do curso Tecnologia em Sistemas de Computação"/></ATIVIDADES-DE-CONSELHO-COMISSAO-E-CONSULTORIA><ATIVIDADES-DE-PARTICIPACAO-EM-PROJETO><PARTICIPACAO-EM-PROJETO SEQUENCIA-FUNCAO-ATIVIDADE="6" FLAG-PERIODO="ANTERIOR" MES-INICIO="" ANO-INICIO="2009" MES-FIM="" ANO-FIM="2011" CODIGO-ORGAO="000502000996" NOME-ORGAO="Instituto de Ciência da Computação" CODIGO-UNIDADE="" NOME-UNIDADE=""><PROJETO-DE-PESQUISA SEQUENCIA-PROJETO="1" ANO-INICIO="2009" ANO-FIM="2011" NOME-DO-PROJETO="Projeto integrado de aplicações de geofísica para as arquiteturas atuais de processamento de alto desempenho" SITUACAO="CONCLUIDO" NATUREZA="DESENVOLVIMENTO" NUMERO-GRADUACAO="2" NUMERO-ESPECIALIZACAO="" NUMERO-MESTRADO-ACADEMICO="3" NUMERO-MESTRADO-PROF="" NUMERO-DOUTORADO="2" DESCRICAO-DO-PROJETO="O objetivo principal deste projeto é aperfeiçoar a versão paralela da aplicação já existente no CENPES, que modela a propagação de ondas sísmicas. Neste sentido, a equipe envolvida atuará tanto na otimização dos procedimentos da aplicação alvo, particularmente no que diz respeito ao aproveitamento das diferentes tendências atuais em computação de alto desempenho, quanto na proposta e implementação de novos procedimentos que tornem a modelagem computacional mais precisa, robusta e eficiente.." DESCRICAO-DO-PROJETO-INGLES="" NOME-DO-PROJETO-INGLES="" FLAG-POTENCIAL-INOVACAO="NAO" FLAG-PROJETO-CERTIFICADO="nao" FORMATO-DATA-CERTIFICACAO="DDMMAAAA" NUMERO_TECNICO_NIVEL_MEDIO=""><EQUIPE-DO-PROJETO><INTEGRANTES-DO-PROJETO NOME-COMPLETO="Otton Teixeira da Silveira Filho" NOME-PARA-CITACAO="SILVEIRA FILHO, O. T." ORDEM-DE-INTEGRACAO="9" FLAG-RESPONSAVEL="NAO"/><INTEGRANTES-DO-PROJETO NOME-COMPLETO="Lucia Maria de Assumpção Drummond" NOME-PARA-CITACAO="DRUMMOND, L. M. A." ORDEM-DE-INTEGRACAO="1" FLAG-RESPONSAVEL="NAO" NRO-ID-CNPQ="9314029648579658"/><INTEGRANTES-DO-PROJETO NOME-COMPLETO="Esteban Walter Gonzalez Clua" NOME-PARA-CITACAO="Esteban Clua" ORDEM-DE-INTEGRACAO="2" FLAG-RESPONSAVEL="NAO" NRO-ID-CNPQ="4791589931798048"/><INTEGRANTES-DO-PROJETO NOME-COMPLETO="Maria Cristina Boeres" NOME-PARA-CITACAO="Maria Cristina Boeres" ORDEM-DE-INTEGRACAO="3" FLAG-RESPONSAVEL="SIM" NRO-ID-CNPQ=""/><INTEGRANTES-DO-PROJETO NOME-COMPLETO="Eugene Francis Vinod Rebello" NOME-PARA-CITACAO="REBELLO, E. F. V." ORDEM-DE-INTEGRACAO="4" FLAG-RESPONSAVEL="NAO" NRO-ID-CNPQ=""/><INTEGRANTES-DO-PROJETO NOME-COMPLETO="Aline de Paula Nascimento" NOME-PARA-CITACAO="NASCIMENTO, A. P." ORDEM-DE-INTEGRACAO="5" FLAG-RESPONSAVEL="NAO" NRO-ID-CNPQ=""/><INTEGRANTES-DO-PROJETO NOME-COMPLETO="Regina Célia Paula Leal Toledo" NOME-PARA-CITACAO="Regina Célia Paula Leal Toledo" ORDEM-DE-INTEGRACAO="6" FLAG-RESPONSAVEL="NAO" NRO-ID-CNPQ="5146026894831823"/><INTEGRANTES-DO-PROJETO NOME-COMPLETO="Anselmo Antunes Montenegro" NOME-PARA-CITACAO="Anselmo Antunes Montenegro" ORDEM-DE-INTEGRACAO="7" FLAG-RESPONSAVEL="NAO" NRO-ID-CNPQ=""/><INTEGRANTES-DO-PROJETO NOME-COMPLETO="André Bulcão" NOME-PARA-CITACAO="André Bulcão" ORDEM-DE-INTEGRACAO="8" FLAG-RESPONSAVEL="NAO" NRO-ID-CNPQ="2273897370773348"/></EQUIPE-DO-PROJETO><FINANCIADORES-DO-PROJETO><FINANCIADOR-DO-PROJETO SEQUENCIA-FINANCIADOR="1" CODIGO-INSTITUICAO="028700000003" NOME-INSTITUICAO="Petróleo Brasileiro - Rio de Janeiro - Matriz" NATUREZA="BOLSA"/></FINANCIADORES-DO-PROJETO></PROJETO-DE-PESQUISA></PARTICIPACAO-EM-PROJETO><PARTICIPACAO-EM-PROJETO SEQUENCIA-FUNCAO-ATIVIDADE="7" FLAG-PERIODO="ANTERIOR" MES-INICIO="" ANO-INICIO="2012" MES-FIM="" ANO-FIM="2014" CODIGO-ORGAO="000502000996" NOME-ORGAO="Instituto de Ciência da Computação" CODIGO-UNIDADE="" NOME-UNIDADE=""><PROJETO-DE-PESQUISA SEQUENCIA-PROJETO="2" ANO-INICIO="2012" ANO-FIM="2014" NOME-DO-PROJETO="Um estudo sobre anisotropia e dispersão numéricas no métodos de diferenças finitas em problemas hiperbólicos" SITUACAO="EM_ANDAMENTO" NATUREZA="PESQUISA" NUMERO-GRADUACAO="" NUMERO-ESPECIALIZACAO="" NUMERO-MESTRADO-ACADEMICO="" NUMERO-MESTRADO-PROF="" NUMERO-DOUTORADO="" DESCRICAO-DO-PROJETO="Como todo método aproximativo, o método de diferenças finitas introduz os efeitos destas aproximações não só sob o ponto de vista do grau de precisão (ordem do método) como também geram propriedades que são similares a efeitos físicos reais. Mesmo num meio físico isotrópico somos confrontados com anisotropias que tem origem na aproximação usada. Da mesma forma, mesmo que o meio seja não dispersivo teremos uma dispersão numérica associada à forma de discretizarmos os operadores diferencias. Analisaremos aqui algumas abordagens de avaliação e minimização destes efeitos nos casos da equação de convecção pura e equação de onda." DESCRICAO-DO-PROJETO-INGLES="" NOME-DO-PROJETO-INGLES="" FLAG-POTENCIAL-INOVACAO="NAO" FLAG-PROJETO-CERTIFICADO="nao" FORMATO-DATA-CERTIFICACAO="DDMMAAAA" NUMERO_TECNICO_NIVEL_MEDIO=""><EQUIPE-DO-PROJETO><INTEGRANTES-DO-PROJETO NOME-COMPLETO="Otton Teixeira da Silveira Filho" NOME-PARA-CITACAO="SILVEIRA FILHO, O. T." ORDEM-DE-INTEGRACAO="1" FLAG-RESPONSAVEL="SIM"/></EQUIPE-DO-PROJETO><FINANCIADORES-DO-PROJETO><FINANCIADOR-DO-PROJETO SEQUENCIA-FINANCIADOR="1" CODIGO-INSTITUICAO="" NOME-INSTITUICAO="" NATUREZA="NAO_INFORMADO"/></FINANCIADORES-DO-PROJETO></PROJETO-DE-PESQUISA></PARTICIPACAO-EM-PROJETO></ATIVIDADES-DE-PARTICIPACAO-EM-PROJETO><atividadesProfissionaisPlanificadas/></ATUACAO-PROFISSIONAL></ATUACOES-PROFISSIONAIS><AREAS-DE-ATUACAO><AREA-DE-ATUACAO SEQUENCIA-AREA-DE-ATUACAO="1" NOME-GRANDE-AREA-DO-CONHECIMENTO="ENGENHARIAS" NOME-DA-AREA-DO-CONHECIMENTO="Engenharia Mecânica" NOME-DA-SUB-AREA-DO-CONHECIMENTO="Fenômenos de Transporte" NOME-DA-ESPECIALIDADE=""/><AREA-DE-ATUACAO SEQUENCIA-AREA-DE-ATUACAO="2" NOME-GRANDE-AREA-DO-CONHECIMENTO="CIENCIAS_EXATAS_E_DA_TERRA" NOME-DA-AREA-DO-CONHECIMENTO="Matemática" NOME-DA-SUB-AREA-DO-CONHECIMENTO="Matemática Aplicada" NOME-DA-ESPECIALIDADE="Física Matemática"/><AREA-DE-ATUACAO SEQUENCIA-AREA-DE-ATUACAO="3" NOME-GRANDE-AREA-DO-CONHECIMENTO="CIENCIAS_EXATAS_E_DA_TERRA" NOME-DA-AREA-DO-CONHECIMENTO="Ciência da Computação" NOME-DA-SUB-AREA-DO-CONHECIMENTO="Matemática da Computação" NOME-DA-ESPECIALIDADE="Modelos Analíticos e de Simulação"/><AREA-DE-ATUACAO SEQUENCIA-AREA-DE-ATUACAO="4" NOME-GRANDE-AREA-DO-CONHECIMENTO="CIENCIAS_EXATAS_E_DA_TERRA" NOME-DA-AREA-DO-CONHECIMENTO="Ciência da Computação" NOME-DA-SUB-AREA-DO-CONHECIMENTO="" NOME-DA-ESPECIALIDADE=""/><AREA-DE-ATUACAO SEQUENCIA-AREA-DE-ATUACAO="5" NOME-GRANDE-AREA-DO-CONHECIMENTO="CIENCIAS_EXATAS_E_DA_TERRA" NOME-DA-AREA-DO-CONHECIMENTO="Ciência da Computação" NOME-DA-SUB-AREA-DO-CONHECIMENTO="Matemática da Computação" NOME-DA-ESPECIALIDADE=""/></AREAS-DE-ATUACAO><IDIOMAS><IDIOMA IDIOMA="EN" DESCRICAO-DO-IDIOMA="Inglês" PROFICIENCIA-DE-LEITURA="BEM" PROFICIENCIA-DE-FALA="POUCO" PROFICIENCIA-DE-ESCRITA="POUCO" PROFICIENCIA-DE-COMPREENSAO="RAZOAVELMENTE"/><IDIOMA IDIOMA="FR" DESCRICAO-DO-IDIOMA="Francês" PROFICIENCIA-DE-LEITURA="RAZOAVELMENTE" PROFICIENCIA-DE-FALA="POUCO" PROFICIENCIA-DE-ESCRITA="POUCO" PROFICIENCIA-DE-COMPREENSAO="POUCO"/><IDIOMA IDIOMA="ES" DESCRICAO-DO-IDIOMA="Espanhol" PROFICIENCIA-DE-LEITURA="BEM" PROFICIENCIA-DE-FALA="POUCO" PROFICIENCIA-DE-ESCRITA="POUCO" PROFICIENCIA-DE-COMPREENSAO="BEM"/></IDIOMAS><staValidado/><dataExibicao/><dadosBolsista/></DADOS-GERAIS><PRODUCAO-BIBLIOGRAFICA><TRABALHOS-EM-EVENTOS><TRABALHO-EM-EVENTOS SEQUENCIA-PRODUCAO="1"><DADOS-BASICOS-DO-TRABALHO NATUREZA="COMPLETO" TITULO-DO-TRABALHO="Dispersion Thermique en Milieux Poreux: Modèle à une Equation" ANO-DO-TRABALHO="1999" PAIS-DO-EVENTO="França" IDIOMA="Francês" MEIO-DE-DIVULGACAO="IMPRESSO" HOME-PAGE-DO-TRABALHO="" FLAG-RELEVANCIA="NAO" DOI="" TITULO-DO-TRABALHO-INGLES="" FLAG-DIVULGACAO-CIENTIFICA="NAO"/><DETALHAMENTO-DO-TRABALHO CLASSIFICACAO-DO-EVENTO="INTERNACIONAL" NOME-DO-EVENTO="Congrès 1999 - Société Française des Thermiciens" CIDADE-DO-EVENTO="Arcachon - France" ANO-DE-REALIZACAO="1999" TITULO-DOS-ANAIS-OU-PROCEEDINGS="Actes du Congrès de la Société Française des Thermiciens" VOLUME="" FASCICULO="" SERIE="" PAGINA-INICIAL="" PAGINA-FINAL="" ISBN="" NOME-DA-EDITORA="Elsevier" CIDADE-DA-EDITORA="Paris"/><AUTORES NOME-COMPLETO-DO-AUTOR="Chistian Moyne" NOME-PARA-CITACAO="MOYNE, C." ORDEM-DE-AUTORIA="2" NRO-ID-CNPQ=""/><AUTORES NOME-COMPLETO-DO-AUTOR="Hélio Pedro do Amaral Souto" NOME-PARA-CITACAO="SOUTO, H. P. A." ORDEM-DE-AUTORIA="3" NRO-ID-CNPQ="1999072996132654"/><AUTORES NOME-COMPLETO-DO-AUTOR="S Didierjean" NOME-PARA-CITACAO="DIDIERJEAN, S." ORDEM-DE-AUTORIA="4" NRO-ID-CNPQ=""/><AUTORES NOME-COMPLETO-DO-AUTOR="Otton Teixeira da Silveira Filho" NOME-PARA-CITACAO="SILVEIRA FILHO, O. T." ORDEM-DE-AUTORIA="1"/><PALAVRAS-CHAVE PALAVRA-CHAVE-1="Dispersão Térmica" PALAVRA-CHAVE-2="Método de Monte-carlo" PALAVRA-CHAVE-3="Método dos Termions" PALAVRA-CHAVE-4="" PALAVRA-CHAVE-5="" PALAVRA-CHAVE-6=""/><AREAS-DO-CONHECIMENTO><AREA-DO-CONHECIMENTO-1 NOME-GRANDE-AREA-DO-CONHECIMENTO="ENGENHARIAS" NOME-DA-AREA-DO-CONHECIMENTO="Engenharia Mecânica" NOME-DA-SUB-AREA-DO-CONHECIMENTO="Fenômenos de Transporte" NOME-DA-ESPECIALIDADE="Transferência de Calor"/></AREAS-DO-CONHECIMENTO><INFORMACOES-ADICIONAIS DESCRICAO-INFORMACOES-ADICIONAIS="" DESCRICAO-INFORMACOES-ADICIONAIS-INGLES=""/></TRABALHO-EM-EVENTOS><TRABALHO-EM-EVENTOS SEQUENCIA-PRODUCAO="2"><DADOS-BASICOS-DO-TRABALHO NATUREZA="RESUMO" TITULO-DO-TRABALHO="Malhas Adaptativas em paralelo" ANO-DO-TRABALHO="1995" PAIS-DO-EVENTO="Brasil" IDIOMA="Português" MEIO-DE-DIVULGACAO="IMPRESSO" HOME-PAGE-DO-TRABALHO="" FLAG-RELEVANCIA="NAO" DOI="" TITULO-DO-TRABALHO-INGLES="" FLAG-DIVULGACAO-CIENTIFICA="NAO"/><DETALHAMENTO-DO-TRABALHO CLASSIFICACAO-DO-EVENTO="NACIONAL" NOME-DO-EVENTO="Colóquio de Computação Científica de Alto Desempenho - C3AD" CIDADE-DO-EVENTO="Rio de Janeiro" ANO-DE-REALIZACAO="1995" TITULO-DOS-ANAIS-OU-PROCEEDINGS="Anais do Colóquio de Computação Cinetífica de Alto Desempenho" VOLUME="" FASCICULO="" SERIE="" PAGINA-INICIAL="" PAGINA-FINAL="" ISBN="" NOME-DA-EDITORA="" CIDADE-DA-EDITORA=""/><AUTORES NOME-COMPLETO-DO-AUTOR="Mauricio Kischinhevsky" NOME-PARA-CITACAO="KISCHINHEVSKY, M." ORDEM-DE-AUTORIA="2" NRO-ID-CNPQ=""/><AUTORES NOME-COMPLETO-DO-AUTOR="Denise Burgarelli Ducsmal" NOME-PARA-CITACAO="DUCSMAL, D. B." ORDEM-DE-AUTORIA="3" NRO-ID-CNPQ=""/><AUTORES NOME-COMPLETO-DO-AUTOR="Otton Teixeira da Silveira Filho" NOME-PARA-CITACAO="SILVEIRA FILHO, O. T." ORDEM-DE-AUTORIA="1"/><PALAVRAS-CHAVE PALAVRA-CHAVE-1="Malhas" PALAVRA-CHAVE-2="Paralelismo" PALAVRA-CHAVE-3="" PALAVRA-CHAVE-4="" PALAVRA-CHAVE-5="" PALAVRA-CHAVE-6=""/><AREAS-DO-CONHECIMENTO><AREA-DO-CONHECIMENTO-1 NOME-GRANDE-AREA-DO-CONHECIMENTO="CIENCIAS_EXATAS_E_DA_TERRA" NOME-DA-AREA-DO-CONHECIMENTO="Ciência da Computação" NOME-DA-SUB-AREA-DO-CONHECIMENTO="Matemática da Computação" NOME-DA-ESPECIALIDADE="Modelos Analíticos e de Simulação"/></AREAS-DO-CONHECIMENTO><INFORMACOES-ADICIONAIS DESCRICAO-INFORMACOES-ADICIONAIS="" DESCRICAO-INFORMACOES-ADICIONAIS-INGLES=""/></TRABALHO-EM-EVENTOS><TRABALHO-EM-EVENTOS SEQUENCIA-PRODUCAO="5"><DADOS-BASICOS-DO-TRABALHO NATUREZA="COMPLETO" TITULO-DO-TRABALHO="Explorating load balancing in a scientific SPMD parallel application" ANO-DO-TRABALHO="2002" PAIS-DO-EVENTO="Canadá" IDIOMA="Inglês" MEIO-DE-DIVULGACAO="IMPRESSO" HOME-PAGE-DO-TRABALHO="" FLAG-RELEVANCIA="NAO" DOI="" TITULO-DO-TRABALHO-INGLES="" FLAG-DIVULGACAO-CIENTIFICA="NAO"/><DETALHAMENTO-DO-TRABALHO CLASSIFICACAO-DO-EVENTO="INTERNACIONAL" NOME-DO-EVENTO="4th. International Workshop on High Performance Scinetific and Engineering Computing (HPSECA 2002)" CIDADE-DO-EVENTO="Toronto" ANO-DE-REALIZACAO="2002" TITULO-DOS-ANAIS-OU-PROCEEDINGS="Proceedings of the 4th. International Workshop on High Performance Scinetific and Engineering Computing" VOLUME="" FASCICULO="" SERIE="" PAGINA-INICIAL="419" PAGINA-FINAL="426" ISBN="" NOME-DA-EDITORA="" CIDADE-DA-EDITORA=""/><AUTORES NOME-COMPLETO-DO-AUTOR="Daniele Vianna" NOME-PARA-CITACAO="VIANNA, D." ORDEM-DE-AUTORIA="2" NRO-ID-CNPQ=""/><AUTORES NOME-COMPLETO-DO-AUTOR="Alexandre Plastino de Carvalho" NOME-PARA-CITACAO="CARVALHO, A. P." ORDEM-DE-AUTORIA="3" NRO-ID-CNPQ=""/><AUTORES NOME-COMPLETO-DO-AUTOR="Viviane Thomé" NOME-PARA-CITACAO="THOME, V." ORDEM-DE-AUTORIA="4" NRO-ID-CNPQ=""/><AUTORES NOME-COMPLETO-DO-AUTOR="Otton Teixeira da Silveira Filho" NOME-PARA-CITACAO="SILVEIRA FILHO, O. T." ORDEM-DE-AUTORIA="1"/><PALAVRAS-CHAVE PALAVRA-CHAVE-1="Paralelismo" PALAVRA-CHAVE-2="load balancing" PALAVRA-CHAVE-3="" PALAVRA-CHAVE-4="" PALAVRA-CHAVE-5="" PALAVRA-CHAVE-6=""/><AREAS-DO-CONHECIMENTO><AREA-DO-CONHECIMENTO-1 NOME-GRANDE-AREA-DO-CONHECIMENTO="CIENCIAS_EXATAS_E_DA_TERRA" NOME-DA-AREA-DO-CONHECIMENTO="Ciência da Computação" NOME-DA-SUB-AREA-DO-CONHECIMENTO="" NOME-DA-ESPECIALIDADE=""/></AREAS-DO-CONHECIMENTO><INFORMACOES-ADICIONAIS DESCRICAO-INFORMACOES-ADICIONAIS="" DESCRICAO-INFORMACOES-ADICIONAIS-INGLES=""/></TRABALHO-EM-EVENTOS><TRABALHO-EM-EVENTOS SEQUENCIA-PRODUCAO="10"><DADOS-BASICOS-DO-TRABALHO NATUREZA="RESUMO" TITULO-DO-TRABALHO="Study of the Cahn-Hilliard Equation in One, Two and Three Dimensions" ANO-DO-TRABALHO="2004" PAIS-DO-EVENTO="Brasil" IDIOMA="Inglês" MEIO-DE-DIVULGACAO="IMPRESSO" HOME-PAGE-DO-TRABALHO="" FLAG-RELEVANCIA="NAO" DOI="" TITULO-DO-TRABALHO-INGLES="" FLAG-DIVULGACAO-CIENTIFICA="NAO"/><DETALHAMENTO-DO-TRABALHO CLASSIFICACAO-DO-EVENTO="NACIONAL" NOME-DO-EVENTO="XXVII Encontro nacional de Física de Matéria Condensada" CIDADE-DO-EVENTO="" ANO-DE-REALIZACAO="2004" TITULO-DOS-ANAIS-OU-PROCEEDINGS="XXVII Encontro nacional de Física de Matéria Condensada" VOLUME="" FASCICULO="" SERIE="" PAGINA-INICIAL="165" PAGINA-FINAL="165" ISBN="" NOME-DA-EDITORA="" CIDADE-DA-EDITORA=""/><AUTORES NOME-COMPLETO-DO-AUTOR="Evandro Vidor L Mello" NOME-PARA-CITACAO="MELLO, E. V. L." ORDEM-DE-AUTORIA="2" NRO-ID-CNPQ="0569365150164629"/><AUTORES NOME-COMPLETO-DO-AUTOR="Otton Teixeira da Silveira Filho" NOME-PARA-CITACAO="SILVEIRA FILHO, O. T." ORDEM-DE-AUTORIA="1"/><AREAS-DO-CONHECIMENTO><AREA-DO-CONHECIMENTO-1 NOME-GRANDE-AREA-DO-CONHECIMENTO="CIENCIAS_EXATAS_E_DA_TERRA" NOME-DA-AREA-DO-CONHECIMENTO="Física" NOME-DA-SUB-AREA-DO-CONHECIMENTO="" NOME-DA-ESPECIALIDADE=""/></AREAS-DO-CONHECIMENTO><INFORMACOES-ADICIONAIS DESCRICAO-INFORMACOES-ADICIONAIS="" DESCRICAO-INFORMACOES-ADICIONAIS-INGLES=""/></TRABALHO-EM-EVENTOS><TRABALHO-EM-EVENTOS SEQUENCIA-PRODUCAO="11"><DADOS-BASICOS-DO-TRABALHO NATUREZA="COMPLETO" TITULO-DO-TRABALHO="Solução Numérica de Equações Diferenciais Parciais Parabólicas empregando um Método Hopscotch com refinamento não-uniforme." ANO-DO-TRABALHO="2005" PAIS-DO-EVENTO="Brasil" IDIOMA="Português" MEIO-DE-DIVULGACAO="IMPRESSO" HOME-PAGE-DO-TRABALHO="" FLAG-RELEVANCIA="NAO" DOI="" TITULO-DO-TRABALHO-INGLES="" FLAG-DIVULGACAO-CIENTIFICA="NAO"/><DETALHAMENTO-DO-TRABALHO CLASSIFICACAO-DO-EVENTO="NACIONAL" NOME-DO-EVENTO="Congresso Nacional de Matematica Aplicada e Computacional" CIDADE-DO-EVENTO="São João del Rei" ANO-DE-REALIZACAO="" TITULO-DOS-ANAIS-OU-PROCEEDINGS="Anais do Congresso Nacional de Matematica Aplicada e Computacional" VOLUME="1" FASCICULO="" SERIE="" PAGINA-INICIAL="1" PAGINA-FINAL="5" ISBN="" NOME-DA-EDITORA="" CIDADE-DA-EDITORA=""/><AUTORES NOME-COMPLETO-DO-AUTOR="Mauricio Kischinhevsky" NOME-PARA-CITACAO="KISCHINHEVSKY, M." ORDEM-DE-AUTORIA="1" NRO-ID-CNPQ=""/><AUTORES NOME-COMPLETO-DO-AUTOR="Lucia Maria de Assumpção Drummond" NOME-PARA-CITACAO="DRUMMOND, L. M. A." ORDEM-DE-AUTORIA="2" NRO-ID-CNPQ="9314029648579658"/><AUTORES NOME-COMPLETO-DO-AUTOR="M Guedes" NOME-PARA-CITACAO="Guedes, M" ORDEM-DE-AUTORIA="3" NRO-ID-CNPQ=""/><AUTORES NOME-COMPLETO-DO-AUTOR="Otton Teixeira da Silveira Filho" NOME-PARA-CITACAO="SILVEIRA FILHO, O. T." ORDEM-DE-AUTORIA="4"/><PALAVRAS-CHAVE PALAVRA-CHAVE-1="hopscotch" PALAVRA-CHAVE-2="EDP parabólicas" PALAVRA-CHAVE-3="Métodos numéricos" PALAVRA-CHAVE-4="" PALAVRA-CHAVE-5="" PALAVRA-CHAVE-6=""/><AREAS-DO-CONHECIMENTO><AREA-DO-CONHECIMENTO-1 NOME-GRANDE-AREA-DO-CONHECIMENTO="CIENCIAS_EXATAS_E_DA_TERRA" NOME-DA-AREA-DO-CONHECIMENTO="Ciência da Computação" NOME-DA-SUB-AREA-DO-CONHECIMENTO="" NOME-DA-ESPECIALIDADE=""/><AREA-DO-CONHECIMENTO-2 NOME-GRANDE-AREA-DO-CONHECIMENTO="CIENCIAS_EXATAS_E_DA_TERRA" NOME-DA-AREA-DO-CONHECIMENTO="Matemática" NOME-DA-SUB-AREA-DO-CONHECIMENTO="Matemática Aplicada" NOME-DA-ESPECIALIDADE=""/></AREAS-DO-CONHECIMENTO><INFORMACOES-ADICIONAIS DESCRICAO-INFORMACOES-ADICIONAIS="" DESCRICAO-INFORMACOES-ADICIONAIS-INGLES=""/></TRABALHO-EM-EVENTOS><TRABALHO-EM-EVENTOS SEQUENCIA-PRODUCAO="16"><DADOS-BASICOS-DO-TRABALHO NATUREZA="RESUMO" TITULO-DO-TRABALHO="Phase Separation and the Dual Eletronic Nature of Cuprates" ANO-DO-TRABALHO="2006" PAIS-DO-EVENTO="Brasil" IDIOMA="Inglês" MEIO-DE-DIVULGACAO="IMPRESSO" HOME-PAGE-DO-TRABALHO="" FLAG-RELEVANCIA="NAO" DOI="" TITULO-DO-TRABALHO-INGLES="" FLAG-DIVULGACAO-CIENTIFICA="NAO"/><DETALHAMENTO-DO-TRABALHO CLASSIFICACAO-DO-EVENTO="NACIONAL" NOME-DO-EVENTO="XXIX Encontro Nacional de Física da Matéria Condensada" CIDADE-DO-EVENTO="São Lourenço-MG" ANO-DE-REALIZACAO="2006" TITULO-DOS-ANAIS-OU-PROCEEDINGS="Anais do XXIX Encontro Nacional de Fìsica da Matéria Condensada" VOLUME="" FASCICULO="" SERIE="" PAGINA-INICIAL="" PAGINA-FINAL="" ISBN="" NOME-DA-EDITORA="" CIDADE-DA-EDITORA=""/><AUTORES NOME-COMPLETO-DO-AUTOR="Evandro Vidor L Mello" NOME-PARA-CITACAO="MELLO, E. V. L." ORDEM-DE-AUTORIA="1" NRO-ID-CNPQ="0569365150164629"/><AUTORES NOME-COMPLETO-DO-AUTOR="D.H.N. Dias" NOME-PARA-CITACAO="D. H. N. Dias" ORDEM-DE-AUTORIA="2" NRO-ID-CNPQ=""/><AUTORES NOME-COMPLETO-DO-AUTOR="Otton Teixeira da Silveira Filho" NOME-PARA-CITACAO="SILVEIRA FILHO, O. T." ORDEM-DE-AUTORIA="3"/><INFORMACOES-ADICIONAIS DESCRICAO-INFORMACOES-ADICIONAIS="" DESCRICAO-INFORMACOES-ADICIONAIS-INGLES=""/></TRABALHO-EM-EVENTOS><TRABALHO-EM-EVENTOS SEQUENCIA-PRODUCAO="21"><DADOS-BASICOS-DO-TRABALHO NATUREZA="COMPLETO" TITULO-DO-TRABALHO="On Using Lacunarity for Diagnosis of Breast Diseases Considering Thermal Images" ANO-DO-TRABALHO="2009" PAIS-DO-EVENTO="Estados Unidos" IDIOMA="Inglês" MEIO-DE-DIVULGACAO="IMPRESSO" HOME-PAGE-DO-TRABALHO="" FLAG-RELEVANCIA="NAO" DOI="" TITULO-DO-TRABALHO-INGLES="" FLAG-DIVULGACAO-CIENTIFICA="NAO"/><DETALHAMENTO-DO-TRABALHO CLASSIFICACAO-DO-EVENTO="INTERNACIONAL" NOME-DO-EVENTO="IWSSIP 2009 - 16th International Conference on Systems, Signals and Image Processing" CIDADE-DO-EVENTO="Chalkida - Grécia" ANO-DE-REALIZACAO="2009" TITULO-DOS-ANAIS-OU-PROCEEDINGS="PROCEEDINGS of IWSSIP 2009" VOLUME="" FASCICULO="" SERIE="" PAGINA-INICIAL="" PAGINA-FINAL="" ISBN="" NOME-DA-EDITORA="" CIDADE-DA-EDITORA=""/><AUTORES NOME-COMPLETO-DO-AUTOR="Aura Conci" NOME-PARA-CITACAO="Conci, A." ORDEM-DE-AUTORIA="1" NRO-ID-CNPQ="5601388085745497"/><AUTORES NOME-COMPLETO-DO-AUTOR="Serrano, Rodrigo C." NOME-PARA-CITACAO="Ridirgo C. Serrano" ORDEM-DE-AUTORIA="3" NRO-ID-CNPQ=""/><AUTORES NOME-COMPLETO-DO-AUTOR="de Melo, Rafael H. C." NOME-PARA-CITACAO="Rafael H. C. de Melo" ORDEM-DE-AUTORIA="4" NRO-ID-CNPQ=""/><AUTORES NOME-COMPLETO-DO-AUTOR="Lima, Rita C. F." NOME-PARA-CITACAO="Rita C. F. Lima" ORDEM-DE-AUTORIA="5" NRO-ID-CNPQ=""/><AUTORES NOME-COMPLETO-DO-AUTOR="Otton Teixeira da Silveira Filho" NOME-PARA-CITACAO="SILVEIRA FILHO, O. T." ORDEM-DE-AUTORIA="2"/><PALAVRAS-CHAVE PALAVRA-CHAVE-1="Biomedical Image Processing" PALAVRA-CHAVE-2="Thermomammography" PALAVRA-CHAVE-3="Fractal Parameters" PALAVRA-CHAVE-4="" PALAVRA-CHAVE-5="" PALAVRA-CHAVE-6=""/><AREAS-DO-CONHECIMENTO><AREA-DO-CONHECIMENTO-1 NOME-GRANDE-AREA-DO-CONHECIMENTO="CIENCIAS_EXATAS_E_DA_TERRA" NOME-DA-AREA-DO-CONHECIMENTO="Ciência da Computação" NOME-DA-SUB-AREA-DO-CONHECIMENTO="" NOME-DA-ESPECIALIDADE=""/><AREA-DO-CONHECIMENTO-2 NOME-GRANDE-AREA-DO-CONHECIMENTO="CIENCIAS_DA_SAUDE" NOME-DA-AREA-DO-CONHECIMENTO="Medicina" NOME-DA-SUB-AREA-DO-CONHECIMENTO="Clínica Médica" NOME-DA-ESPECIALIDADE="Cancerologia"/></AREAS-DO-CONHECIMENTO><INFORMACOES-ADICIONAIS DESCRICAO-INFORMACOES-ADICIONAIS="" DESCRICAO-INFORMACOES-ADICIONAIS-INGLES=""/></TRABALHO-EM-EVENTOS><TRABALHO-EM-EVENTOS SEQUENCIA-PRODUCAO="24"><DADOS-BASICOS-DO-TRABALHO NATUREZA="COMPLETO" TITULO-DO-TRABALHO="Scalable Simulation of 3D Wave Propagation in Semi-Infinite Domains Using the Finite Difference Method on a GPU Based Cluster" ANO-DO-TRABALHO="2011" PAIS-DO-EVENTO="Brasil" IDIOMA="Inglês" MEIO-DE-DIVULGACAO="MEIO_DIGITAL" HOME-PAGE-DO-TRABALHO="" FLAG-RELEVANCIA="NAO" DOI="" TITULO-DO-TRABALHO-INGLES="" FLAG-DIVULGACAO-CIENTIFICA="NAO"/><DETALHAMENTO-DO-TRABALHO CLASSIFICACAO-DO-EVENTO="NACIONAL" NOME-DO-EVENTO="V e-Science Workshop" CIDADE-DO-EVENTO="Natal, RN" ANO-DE-REALIZACAO="2011" TITULO-DOS-ANAIS-OU-PROCEEDINGS="Proceedings of the V e-Science Workshop" VOLUME="" FASCICULO="" SERIE="" PAGINA-INICIAL="110" PAGINA-FINAL="118" ISBN="" NOME-DA-EDITORA="Sociedade Brasileira de Computação" CIDADE-DA-EDITORA="Porto Alegre, RS"/><AUTORES NOME-COMPLETO-DO-AUTOR="Thales L. R. Sabino" NOME-PARA-CITACAO="SABINO, T. L. R." ORDEM-DE-AUTORIA="1" NRO-ID-CNPQ="0601030410417146"/><AUTORES NOME-COMPLETO-DO-AUTOR="Marcelo Zamith" NOME-PARA-CITACAO="Maecelo Zamith" ORDEM-DE-AUTORIA="2" NRO-ID-CNPQ="0861194478089070"/><AUTORES NOME-COMPLETO-DO-AUTOR="Brandão, Diego N." NOME-PARA-CITACAO="Brandão, Diego N." ORDEM-DE-AUTORIA="3" NRO-ID-CNPQ="5882024148867913"/><AUTORES NOME-COMPLETO-DO-AUTOR="Anselmo Antunes Montenegro" NOME-PARA-CITACAO="Anselmo Antunes Montenegro" ORDEM-DE-AUTORIA="4" NRO-ID-CNPQ=""/><AUTORES NOME-COMPLETO-DO-AUTOR="Mauricio Kischinhevsky" NOME-PARA-CITACAO="KISCHINHEVSKY, M." ORDEM-DE-AUTORIA="5" NRO-ID-CNPQ=""/><AUTORES NOME-COMPLETO-DO-AUTOR="Regina Célia Paula Leal Toledo" NOME-PARA-CITACAO="Regina Célia Paula Leal Toledo" ORDEM-DE-AUTORIA="6" NRO-ID-CNPQ="5146026894831823"/><AUTORES NOME-COMPLETO-DO-AUTOR="André Bulcão" NOME-PARA-CITACAO="André Bulcão" ORDEM-DE-AUTORIA="8" NRO-ID-CNPQ="2273897370773348"/><AUTORES NOME-COMPLETO-DO-AUTOR="Esteban Walter Gonzalez Clua" NOME-PARA-CITACAO="Esteban Clua" ORDEM-DE-AUTORIA="9" NRO-ID-CNPQ="4791589931798048"/><AUTORES NOME-COMPLETO-DO-AUTOR="Otton Teixeira da Silveira Filho" NOME-PARA-CITACAO="SILVEIRA FILHO, O. T." ORDEM-DE-AUTORIA="7"/><PALAVRAS-CHAVE PALAVRA-CHAVE-1="Métodos numéricos" PALAVRA-CHAVE-2="" PALAVRA-CHAVE-3="" PALAVRA-CHAVE-4="" PALAVRA-CHAVE-5="" PALAVRA-CHAVE-6=""/><AREAS-DO-CONHECIMENTO><AREA-DO-CONHECIMENTO-1 NOME-GRANDE-AREA-DO-CONHECIMENTO="CIENCIAS_EXATAS_E_DA_TERRA" NOME-DA-AREA-DO-CONHECIMENTO="Ciência da Computação" NOME-DA-SUB-AREA-DO-CONHECIMENTO="Matemática da Computação" NOME-DA-ESPECIALIDADE="Modelos Analíticos e de Simulação"/></AREAS-DO-CONHECIMENTO><INFORMACOES-ADICIONAIS DESCRICAO-INFORMACOES-ADICIONAIS="" DESCRICAO-INFORMACOES-ADICIONAIS-INGLES=""/></TRABALHO-EM-EVENTOS><TRABALHO-EM-EVENTOS SEQUENCIA-PRODUCAO="25"><DADOS-BASICOS-DO-TRABALHO NATUREZA="COMPLETO" TITULO-DO-TRABALHO="A locally time-step size adjustable scheme based on regions velocity for acustic wave equation simulation" ANO-DO-TRABALHO="2011" PAIS-DO-EVENTO="Brasil" IDIOMA="Inglês" MEIO-DE-DIVULGACAO="MEIO_DIGITAL" HOME-PAGE-DO-TRABALHO="" FLAG-RELEVANCIA="NAO" DOI="" TITULO-DO-TRABALHO-INGLES="" FLAG-DIVULGACAO-CIENTIFICA="NAO"/><DETALHAMENTO-DO-TRABALHO CLASSIFICACAO-DO-EVENTO="INTERNACIONAL" NOME-DO-EVENTO="XXXII CILAMCE - Iberian Latin American Congress on Computational Methods in Engineering" CIDADE-DO-EVENTO="Ouro Preto, MG - Brasil" ANO-DE-REALIZACAO="2011" TITULO-DOS-ANAIS-OU-PROCEEDINGS="Proceedings of the XXXII CILAMCE, 2011" VOLUME="" FASCICULO="" SERIE="" PAGINA-INICIAL="" PAGINA-FINAL="" ISBN="" NOME-DA-EDITORA="" CIDADE-DA-EDITORA=""/><AUTORES NOME-COMPLETO-DO-AUTOR="Jefferson S. Mello" NOME-PARA-CITACAO="MELLO, J. S." ORDEM-DE-AUTORIA="1" NRO-ID-CNPQ="5522319045073095"/><AUTORES NOME-COMPLETO-DO-AUTOR="Thales L. R. Sabino" NOME-PARA-CITACAO="SABINO, T. L. R." ORDEM-DE-AUTORIA="2" NRO-ID-CNPQ="0601030410417146"/><AUTORES NOME-COMPLETO-DO-AUTOR="Alexandre Antunes" NOME-PARA-CITACAO="ANTUNES, A." ORDEM-DE-AUTORIA="3" NRO-ID-CNPQ=""/><AUTORES NOME-COMPLETO-DO-AUTOR="Adelmo J. Lima" NOME-PARA-CITACAO="LIMA, A. J." ORDEM-DE-AUTORIA="4" NRO-ID-CNPQ=""/><AUTORES NOME-COMPLETO-DO-AUTOR="Otton Teixeira da Silveira Filho" NOME-PARA-CITACAO="SILVEIRA FILHO, O. T." ORDEM-DE-AUTORIA="5"/><PALAVRAS-CHAVE PALAVRA-CHAVE-1="Métodos numéricos" PALAVRA-CHAVE-2="" PALAVRA-CHAVE-3="" PALAVRA-CHAVE-4="" PALAVRA-CHAVE-5="" PALAVRA-CHAVE-6=""/><AREAS-DO-CONHECIMENTO><AREA-DO-CONHECIMENTO-1 NOME-GRANDE-AREA-DO-CONHECIMENTO="CIENCIAS_EXATAS_E_DA_TERRA" NOME-DA-AREA-DO-CONHECIMENTO="Matemática" NOME-DA-SUB-AREA-DO-CONHECIMENTO="Matemática Aplicada" NOME-DA-ESPECIALIDADE=""/><AREA-DO-CONHECIMENTO-2 NOME-GRANDE-AREA-DO-CONHECIMENTO="CIENCIAS_EXATAS_E_DA_TERRA" NOME-DA-AREA-DO-CONHECIMENTO="Ciência da Computação" NOME-DA-SUB-AREA-DO-CONHECIMENTO="Matemática da Computação" NOME-DA-ESPECIALIDADE="Modelos Analíticos e de Simulação"/></AREAS-DO-CONHECIMENTO><INFORMACOES-ADICIONAIS DESCRICAO-INFORMACOES-ADICIONAIS="" DESCRICAO-INFORMACOES-ADICIONAIS-INGLES=""/></TRABALHO-EM-EVENTOS></TRABALHOS-EM-EVENTOS><ARTIGOS-PUBLICADOS><ARTIGO-PUBLICADO SEQUENCIA-PRODUCAO="22" ORDEM-IMPORTANCIA=""><DADOS-BASICOS-DO-ARTIGO NATUREZA="COMPLETO" TITULO-DO-ARTIGO="Eletronic Phase Separation and the Inhomogeneities in Bi2212" ANO-DO-ARTIGO="2009" PAIS-DE-PUBLICACAO="" IDIOMA="Inglês" MEIO-DE-DIVULGACAO="IMPRESSO" HOME-PAGE-DO-TRABALHO="" FLAG-RELEVANCIA="SIM" DOI="" TITULO-DO-ARTIGO-INGLES="" FLAG-DIVULGACAO-CIENTIFICA="NAO"/><DETALHAMENTO-DO-ARTIGO TITULO-DO-PERIODICO-OU-REVISTA="Physica. B, Condensed Matter" ISSN="09214526" VOLUME="404" FASCICULO="" SERIE="" PAGINA-INICIAL="3119" PAGINA-FINAL="3122" LOCAL-DE-PUBLICACAO=""/><AUTORES NOME-COMPLETO-DO-AUTOR="Evandro Vidor L Mello" NOME-PARA-CITACAO="MELLO, E. V. L." ORDEM-DE-AUTORIA="1" NRO-ID-CNPQ="0569365150164629"/><AUTORES NOME-COMPLETO-DO-AUTOR="R. B. Kasal" NOME-PARA-CITACAO="KASAL, R. B." ORDEM-DE-AUTORIA="2" NRO-ID-CNPQ="0265560899685023"/><AUTORES NOME-COMPLETO-DO-AUTOR="C. A. C. Passos" NOME-PARA-CITACAO="PASSOS, C. A. C." ORDEM-DE-AUTORIA="4" NRO-ID-CNPQ="2528679879816545"/><AUTORES NOME-COMPLETO-DO-AUTOR="Otton Teixeira da Silveira Filho" NOME-PARA-CITACAO="SILVEIRA FILHO, O. T." ORDEM-DE-AUTORIA="3"/><PALAVRAS-CHAVE PALAVRA-CHAVE-1="High-Tc" PALAVRA-CHAVE-2="Phase Separation" PALAVRA-CHAVE-3="F Intrinsic inhomogen" PALAVRA-CHAVE-4="" PALAVRA-CHAVE-5="" PALAVRA-CHAVE-6=""/><AREAS-DO-CONHECIMENTO><AREA-DO-CONHECIMENTO-1 NOME-GRANDE-AREA-DO-CONHECIMENTO="CIENCIAS_EXATAS_E_DA_TERRA" NOME-DA-AREA-DO-CONHECIMENTO="Física" NOME-DA-SUB-AREA-DO-CONHECIMENTO="" NOME-DA-ESPECIALIDADE=""/><AREA-DO-CONHECIMENTO-2 NOME-GRANDE-AREA-DO-CONHECIMENTO="CIENCIAS_EXATAS_E_DA_TERRA" NOME-DA-AREA-DO-CONHECIMENTO="Matemática" NOME-DA-SUB-AREA-DO-CONHECIMENTO="Matemática Aplicada" NOME-DA-ESPECIALIDADE=""/><AREA-DO-CONHECIMENTO-3 NOME-GRANDE-AREA-DO-CONHECIMENTO="CIENCIAS_EXATAS_E_DA_TERRA" NOME-DA-AREA-DO-CONHECIMENTO="Ciência da Computação" NOME-DA-SUB-AREA-DO-CONHECIMENTO="" NOME-DA-ESPECIALIDADE=""/></AREAS-DO-CONHECIMENTO><INFORMACOES-ADICIONAIS DESCRICAO-INFORMACOES-ADICIONAIS="" DESCRICAO-INFORMACOES-ADICIONAIS-INGLES=""/></ARTIGO-PUBLICADO><ARTIGO-PUBLICADO SEQUENCIA-PRODUCAO="15" ORDEM-IMPORTANCIA=""><DADOS-BASICOS-DO-ARTIGO NATUREZA="COMPLETO" TITULO-DO-ARTIGO="Phase Separation and the Dual Nature of the Eletronic Structure pf the La2-xSrxCuO4" ANO-DO-ARTIGO="2007" PAIS-DE-PUBLICACAO="" IDIOMA="Inglês" MEIO-DE-DIVULGACAO="IMPRESSO" HOME-PAGE-DO-TRABALHO="" FLAG-RELEVANCIA="SIM" DOI="" TITULO-DO-ARTIGO-INGLES="" FLAG-DIVULGACAO-CIENTIFICA="NAO"/><DETALHAMENTO-DO-ARTIGO TITULO-DO-PERIODICO-OU-REVISTA="Physica. C, Superconductivity" ISSN="09214534" VOLUME="460" FASCICULO="" SERIE="" PAGINA-INICIAL="1180" PAGINA-FINAL="1181" LOCAL-DE-PUBLICACAO=""/><AUTORES NOME-COMPLETO-DO-AUTOR="Evandro Vidor L Mello" NOME-PARA-CITACAO="MELLO, E. V. L." ORDEM-DE-AUTORIA="1" NRO-ID-CNPQ="0569365150164629"/><AUTORES NOME-COMPLETO-DO-AUTOR="D.H.N. Dias" NOME-PARA-CITACAO="D. H. N. Dias" ORDEM-DE-AUTORIA="2" NRO-ID-CNPQ=""/><AUTORES NOME-COMPLETO-DO-AUTOR="Otton Teixeira da Silveira Filho" NOME-PARA-CITACAO="SILVEIRA FILHO, O. T." ORDEM-DE-AUTORIA="3"/><PALAVRAS-CHAVE PALAVRA-CHAVE-1="High-Tc" PALAVRA-CHAVE-2="Spatially inhomogeneous structures" PALAVRA-CHAVE-3="Phase Separation" PALAVRA-CHAVE-4="" PALAVRA-CHAVE-5="" PALAVRA-CHAVE-6=""/><INFORMACOES-ADICIONAIS DESCRICAO-INFORMACOES-ADICIONAIS="" DESCRICAO-INFORMACOES-ADICIONAIS-INGLES=""/></ARTIGO-PUBLICADO><ARTIGO-PUBLICADO SEQUENCIA-PRODUCAO="7" ORDEM-IMPORTANCIA=""><DADOS-BASICOS-DO-ARTIGO NATUREZA="COMPLETO" TITULO-DO-ARTIGO="Numerical Study of the Cahn-Hilliard Equation in, One, Two and Three Dimensions" ANO-DO-ARTIGO="2005" PAIS-DE-PUBLICACAO="" IDIOMA="Inglês" MEIO-DE-DIVULGACAO="IMPRESSO" HOME-PAGE-DO-TRABALHO="" FLAG-RELEVANCIA="SIM" DOI="" TITULO-DO-ARTIGO-INGLES="" FLAG-DIVULGACAO-CIENTIFICA="NAO"/><DETALHAMENTO-DO-ARTIGO TITULO-DO-PERIODICO-OU-REVISTA="Physica A - Statitical and Theoretical Physycs" ISSN="" VOLUME="347" FASCICULO="" SERIE="" PAGINA-INICIAL="551" PAGINA-FINAL="559" LOCAL-DE-PUBLICACAO="Amsterdam"/><AUTORES NOME-COMPLETO-DO-AUTOR="Otton Teixeira da Silveira Filho" NOME-PARA-CITACAO="SILVEIRA FILHO, O. T." ORDEM-DE-AUTORIA="1"/><AUTORES NOME-COMPLETO-DO-AUTOR="Evandro Vidor L Mello" NOME-PARA-CITACAO="MELLO, E. V. L." ORDEM-DE-AUTORIA="2" NRO-ID-CNPQ="0569365150164629"/><AREAS-DO-CONHECIMENTO><AREA-DO-CONHECIMENTO-1 NOME-GRANDE-AREA-DO-CONHECIMENTO="CIENCIAS_EXATAS_E_DA_TERRA" NOME-DA-AREA-DO-CONHECIMENTO="Física" NOME-DA-SUB-AREA-DO-CONHECIMENTO="" NOME-DA-ESPECIALIDADE=""/></AREAS-DO-CONHECIMENTO><INFORMACOES-ADICIONAIS DESCRICAO-INFORMACOES-ADICIONAIS="" DESCRICAO-INFORMACOES-ADICIONAIS-INGLES=""/></ARTIGO-PUBLICADO><ARTIGO-PUBLICADO SEQUENCIA-PRODUCAO="6" ORDEM-IMPORTANCIA=""><DADOS-BASICOS-DO-ARTIGO NATUREZA="COMPLETO" TITULO-DO-ARTIGO="Thermal Dispersion in Porous Media:Computations by the Random Walk Method" ANO-DO-ARTIGO="2002" PAIS-DE-PUBLICACAO="" IDIOMA="Inglês" MEIO-DE-DIVULGACAO="IMPRESSO" HOME-PAGE-DO-TRABALHO="" FLAG-RELEVANCIA="NAO" DOI="" TITULO-DO-ARTIGO-INGLES="" FLAG-DIVULGACAO-CIENTIFICA="NAO"/><DETALHAMENTO-DO-ARTIGO TITULO-DO-PERIODICO-OU-REVISTA="Computational and Applied Mathematics" ISSN="" VOLUME="21" FASCICULO="2" SERIE="" PAGINA-INICIAL="513" PAGINA-FINAL="544" LOCAL-DE-PUBLICACAO=""/><AUTORES NOME-COMPLETO-DO-AUTOR="Otton Teixeira da Silveira Filho" NOME-PARA-CITACAO="SILVEIRA FILHO, O. T." ORDEM-DE-AUTORIA="1"/><AUTORES NOME-COMPLETO-DO-AUTOR="Hélio Pedro do Amaral Souto" NOME-PARA-CITACAO="SOUTO, H. P. A." ORDEM-DE-AUTORIA="2" NRO-ID-CNPQ="1999072996132654"/><AUTORES NOME-COMPLETO-DO-AUTOR="Chistian Moyne" NOME-PARA-CITACAO="MOYNE, C." ORDEM-DE-AUTORIA="3" NRO-ID-CNPQ=""/><AUTORES NOME-COMPLETO-DO-AUTOR="S Didierjean" NOME-PARA-CITACAO="DIDIERJEAN, S." ORDEM-DE-AUTORIA="4" NRO-ID-CNPQ=""/><PALAVRAS-CHAVE PALAVRA-CHAVE-1="Dispersão Térmica" PALAVRA-CHAVE-2="Marcha Aleatória" PALAVRA-CHAVE-3="Meios Porosos Periódicos" PALAVRA-CHAVE-4="Tensor de Dispersão" PALAVRA-CHAVE-5="" PALAVRA-CHAVE-6=""/><AREAS-DO-CONHECIMENTO><AREA-DO-CONHECIMENTO-1 NOME-GRANDE-AREA-DO-CONHECIMENTO="ENGENHARIAS" NOME-DA-AREA-DO-CONHECIMENTO="Engenharia Mecânica" NOME-DA-SUB-AREA-DO-CONHECIMENTO="Fenômenos de Transporte" NOME-DA-ESPECIALIDADE=""/><AREA-DO-CONHECIMENTO-2 NOME-GRANDE-AREA-DO-CONHECIMENTO="ENGENHARIAS" NOME-DA-AREA-DO-CONHECIMENTO="Engenharia Mecânica" NOME-DA-SUB-AREA-DO-CONHECIMENTO="Fenômenos de Transporte" NOME-DA-ESPECIALIDADE="Transferência de Calor"/></AREAS-DO-CONHECIMENTO><INFORMACOES-ADICIONAIS DESCRICAO-INFORMACOES-ADICIONAIS="" DESCRICAO-INFORMACOES-ADICIONAIS-INGLES=""/></ARTIGO-PUBLICADO><ARTIGO-PUBLICADO SEQUENCIA-PRODUCAO="4" ORDEM-IMPORTANCIA=""><DADOS-BASICOS-DO-ARTIGO NATUREZA="COMPLETO" TITULO-DO-ARTIGO="Thermal Dispersion in Porous Media:One Equation Model" ANO-DO-ARTIGO="2000" PAIS-DE-PUBLICACAO="" IDIOMA="Inglês" MEIO-DE-DIVULGACAO="IMPRESSO" HOME-PAGE-DO-TRABALHO="" FLAG-RELEVANCIA="SIM" DOI="" TITULO-DO-ARTIGO-INGLES="" FLAG-DIVULGACAO-CIENTIFICA="NAO"/><DETALHAMENTO-DO-ARTIGO TITULO-DO-PERIODICO-OU-REVISTA="International Journal of Heat and Mass Transfer" ISSN="" VOLUME="43" FASCICULO="" SERIE="" PAGINA-INICIAL="3853" PAGINA-FINAL="3867" LOCAL-DE-PUBLICACAO=""/><AUTORES NOME-COMPLETO-DO-AUTOR="Chistian Moyne" NOME-PARA-CITACAO="MOYNE, C." ORDEM-DE-AUTORIA="1" NRO-ID-CNPQ=""/><AUTORES NOME-COMPLETO-DO-AUTOR="Hélio Pedro do Amaral Souto" NOME-PARA-CITACAO="SOUTO, H. P. A." ORDEM-DE-AUTORIA="2" NRO-ID-CNPQ="1999072996132654"/><AUTORES NOME-COMPLETO-DO-AUTOR="S Didierjean" NOME-PARA-CITACAO="DIDIERJEAN, S." ORDEM-DE-AUTORIA="3" NRO-ID-CNPQ=""/><AUTORES NOME-COMPLETO-DO-AUTOR="Otton Teixeira da Silveira Filho" NOME-PARA-CITACAO="SILVEIRA FILHO, O. T." ORDEM-DE-AUTORIA="4"/><PALAVRAS-CHAVE PALAVRA-CHAVE-1="Dispersão Térmica" PALAVRA-CHAVE-2="Método de Monte-carlo" PALAVRA-CHAVE-3="Paralelismo" PALAVRA-CHAVE-4="" PALAVRA-CHAVE-5="" PALAVRA-CHAVE-6=""/><AREAS-DO-CONHECIMENTO><AREA-DO-CONHECIMENTO-1 NOME-GRANDE-AREA-DO-CONHECIMENTO="CIENCIAS_EXATAS_E_DA_TERRA" NOME-DA-AREA-DO-CONHECIMENTO="Ciência da Computação" NOME-DA-SUB-AREA-DO-CONHECIMENTO="" NOME-DA-ESPECIALIDADE=""/><AREA-DO-CONHECIMENTO-2 NOME-GRANDE-AREA-DO-CONHECIMENTO="CIENCIAS_EXATAS_E_DA_TERRA" NOME-DA-AREA-DO-CONHECIMENTO="Ciência da Computação" NOME-DA-SUB-AREA-DO-CONHECIMENTO="Matemática da Computação" NOME-DA-ESPECIALIDADE=""/><AREA-DO-CONHECIMENTO-3 NOME-GRANDE-AREA-DO-CONHECIMENTO="CIENCIAS_EXATAS_E_DA_TERRA" NOME-DA-AREA-DO-CONHECIMENTO="Ciência da Computação" NOME-DA-SUB-AREA-DO-CONHECIMENTO="Matemática da Computação" NOME-DA-ESPECIALIDADE="Modelos Analíticos e de Simulação"/></AREAS-DO-CONHECIMENTO><SETORES-DE-ATIVIDADE SETOR-DE-ATIVIDADE-1="Energia" SETOR-DE-ATIVIDADE-2="Produtos e Serviços Voltados Para A Defesa e Proteção do Meio Ambiente, Incluindo O Desenvolvimento Sustentado" SETOR-DE-ATIVIDADE-3="Informática"/><INFORMACOES-ADICIONAIS DESCRICAO-INFORMACOES-ADICIONAIS="" DESCRICAO-INFORMACOES-ADICIONAIS-INGLES=""/></ARTIGO-PUBLICADO><ARTIGO-PUBLICADO SEQUENCIA-PRODUCAO="3" ORDEM-IMPORTANCIA=""><DADOS-BASICOS-DO-ARTIGO NATUREZA="COMPLETO" TITULO-DO-ARTIGO="Magnetic Field of a Long Wire in a Background gravitational Field" ANO-DO-ARTIGO="1989" PAIS-DE-PUBLICACAO="" IDIOMA="Inglês" MEIO-DE-DIVULGACAO="IMPRESSO" HOME-PAGE-DO-TRABALHO="" FLAG-RELEVANCIA="NAO" DOI="" TITULO-DO-ARTIGO-INGLES="" FLAG-DIVULGACAO-CIENTIFICA="NAO"/><DETALHAMENTO-DO-ARTIGO TITULO-DO-PERIODICO-OU-REVISTA="American Journal of Physics" ISSN="0002950" VOLUME="57" FASCICULO="8" SERIE="" PAGINA-INICIAL="735" PAGINA-FINAL="737" LOCAL-DE-PUBLICACAO="EUA"/><AUTORES NOME-COMPLETO-DO-AUTOR="Otton Teixeira da Silveira Filho" NOME-PARA-CITACAO="SILVEIRA FILHO, O. T." ORDEM-DE-AUTORIA="1"/><AUTORES NOME-COMPLETO-DO-AUTOR="José Antônio e Souza" NOME-PARA-CITACAO="SOUZA, J. A. E." ORDEM-DE-AUTORIA="2" NRO-ID-CNPQ="2833032172478053"/><AUTORES NOME-COMPLETO-DO-AUTOR="Maria de Fátima Franco" NOME-PARA-CITACAO="FRANCO, M. F." ORDEM-DE-AUTORIA="3" NRO-ID-CNPQ=""/><PALAVRAS-CHAVE PALAVRA-CHAVE-1="Relatividade Geral" PALAVRA-CHAVE-2="magnetismo" PALAVRA-CHAVE-3="" PALAVRA-CHAVE-4="" PALAVRA-CHAVE-5="" PALAVRA-CHAVE-6=""/><AREAS-DO-CONHECIMENTO><AREA-DO-CONHECIMENTO-1 NOME-GRANDE-AREA-DO-CONHECIMENTO="CIENCIAS_EXATAS_E_DA_TERRA" NOME-DA-AREA-DO-CONHECIMENTO="Física" NOME-DA-SUB-AREA-DO-CONHECIMENTO="Física Geral" NOME-DA-ESPECIALIDADE="Relatividade e Gravitação"/></AREAS-DO-CONHECIMENTO><INFORMACOES-ADICIONAIS DESCRICAO-INFORMACOES-ADICIONAIS="" DESCRICAO-INFORMACOES-ADICIONAIS-INGLES=""/></ARTIGO-PUBLICADO></ARTIGOS-PUBLICADOS><LIVROS-E-CAPITULOS><LIVROS-PUBLICADOS-OU-ORGANIZADOS><LIVRO-PUBLICADO-OU-ORGANIZADO SEQUENCIA-PRODUCAO="8"><DADOS-BASICOS-DO-LIVRO TIPO="LIVRO_PUBLICADO" NATUREZA="TEXTO_INTEGRAL" TITULO-DO-LIVRO="Introdução à Informática" ANO="2004" PAIS-DE-PUBLICACAO="Brasil" IDIOMA="Português" MEIO-DE-DIVULGACAO="IMPRESSO" HOME-PAGE-DO-TRABALHO="" FLAG-RELEVANCIA="NAO" DOI="" TITULO-DO-LIVRO-INGLES="" FLAG-DIVULGACAO-CIENTIFICA="NAO"/><DETALHAMENTO-DO-LIVRO NUMERO-DE-VOLUMES="1" NUMERO-DE-PAGINAS="261" ISBN="8576480448" NUMERO-DA-EDICAO-REVISAO="" NUMERO-DA-SERIE="" CIDADE-DA-EDITORA="Rio de Janeiro" NOME-DA-EDITORA="Fundação CECIERJ"/><AUTORES NOME-COMPLETO-DO-AUTOR="Mauricio Kischinhevsky" NOME-PARA-CITACAO="KISCHINHEVSKY, M." ORDEM-DE-AUTORIA="2" NRO-ID-CNPQ=""/><AUTORES NOME-COMPLETO-DO-AUTOR="Otton Teixeira da Silveira Filho" NOME-PARA-CITACAO="SILVEIRA FILHO, O. T." ORDEM-DE-AUTORIA="1"/><AREAS-DO-CONHECIMENTO><AREA-DO-CONHECIMENTO-1 NOME-GRANDE-AREA-DO-CONHECIMENTO="CIENCIAS_EXATAS_E_DA_TERRA" NOME-DA-AREA-DO-CONHECIMENTO="Ciência da Computação" NOME-DA-SUB-AREA-DO-CONHECIMENTO="" NOME-DA-ESPECIALIDADE=""/></AREAS-DO-CONHECIMENTO><INFORMACOES-ADICIONAIS DESCRICAO-INFORMACOES-ADICIONAIS="" DESCRICAO-INFORMACOES-ADICIONAIS-INGLES=""/></LIVRO-PUBLICADO-OU-ORGANIZADO></LIVROS-PUBLICADOS-OU-ORGANIZADOS><CAPITULOS-DE-LIVROS-PUBLICADOS><CAPITULO-DE-LIVRO-PUBLICADO SEQUENCIA-PRODUCAO="9"><DADOS-BASICOS-DO-CAPITULO TIPO="Capítulo de livro publicado" TITULO-DO-CAPITULO-DO-LIVRO="Load balancing in SPMD Applications: Concepts and Experiments" ANO="2004" PAIS-DE-PUBLICACAO="Canadá" IDIOMA="Inglês" MEIO-DE-DIVULGACAO="IMPRESSO" HOME-PAGE-DO-TRABALHO="" FLAG-RELEVANCIA="NAO" DOI="" TITULO-DO-CAPITULO-DO-LIVRO-INGLES="" FLAG-DIVULGACAO-CIENTIFICA="NAO"/><DETALHAMENTO-DO-CAPITULO TITULO-DO-LIVRO="High Performance Scientific and Engineering Computing, Hardware/Software Suport" NUMERO-DE-VOLUMES="" PAGINA-INICIAL="95" PAGINA-FINAL="106" ISBN="" ORGANIZADORES="Laurence Tianruo Yang; Yi Pan" NUMERO-DA-EDICAO-REVISAO="" NUMERO-DA-SERIE="" CIDADE-DA-EDITORA="" NOME-DA-EDITORA="Kluwer Academic Publishers"/><AUTORES NOME-COMPLETO-DO-AUTOR="Alexandre Plastino de Carvalho" NOME-PARA-CITACAO="CARVALHO, A. P." ORDEM-DE-AUTORIA="2" NRO-ID-CNPQ=""/><AUTORES NOME-COMPLETO-DO-AUTOR="Daniele Vianna" NOME-PARA-CITACAO="VIANNA, D." ORDEM-DE-AUTORIA="3" NRO-ID-CNPQ=""/><AUTORES NOME-COMPLETO-DO-AUTOR="Viviane Thomé" NOME-PARA-CITACAO="THOME, V." ORDEM-DE-AUTORIA="4" NRO-ID-CNPQ=""/><AUTORES NOME-COMPLETO-DO-AUTOR="Otton Teixeira da Silveira Filho" NOME-PARA-CITACAO="SILVEIRA FILHO, O. T." ORDEM-DE-AUTORIA="1"/><AREAS-DO-CONHECIMENTO><AREA-DO-CONHECIMENTO-1 NOME-GRANDE-AREA-DO-CONHECIMENTO="CIENCIAS_EXATAS_E_DA_TERRA" NOME-DA-AREA-DO-CONHECIMENTO="Ciência da Computação" NOME-DA-SUB-AREA-DO-CONHECIMENTO="" NOME-DA-ESPECIALIDADE=""/></AREAS-DO-CONHECIMENTO><INFORMACOES-ADICIONAIS DESCRICAO-INFORMACOES-ADICIONAIS="" DESCRICAO-INFORMACOES-ADICIONAIS-INGLES=""/></CAPITULO-DE-LIVRO-PUBLICADO></CAPITULOS-DE-LIVROS-PUBLICADOS></LIVROS-E-CAPITULOS><ARTIGOS-ACEITOS-PARA-PUBLICACAO><ARTIGO-ACEITO-PARA-PUBLICACAO SEQUENCIA-PRODUCAO="28"><DADOS-BASICOS-DO-ARTIGO NATUREZA="NAO_INFORMADO" TITULO-DO-ARTIGO="Finite Difference Method for Solving Acoustic Wave Equation Using Locally Adjustable Time-steps." ANO-DO-ARTIGO="2014" PAIS-DE-PUBLICACAO="" IDIOMA="Inglês" MEIO-DE-DIVULGACAO="NAO_INFORMADO" HOME-PAGE-DO-TRABALHO="" FLAG-RELEVANCIA="SIM" DOI="" TITULO-DO-ARTIGO-INGLES="" FLAG-DIVULGACAO-CIENTIFICA="NAO"/><DETALHAMENTO-DO-ARTIGO TITULO-DO-PERIODICO-OU-REVISTA="Procedia Computer Science" ISSN="18770509" VOLUME="" FASCICULO="" SERIE="" PAGINA-INICIAL="" PAGINA-FINAL="" LOCAL-DE-PUBLICACAO=""/><AUTORES NOME-COMPLETO-DO-AUTOR="Alexandre Antunes" NOME-PARA-CITACAO="ANTUNES, A." ORDEM-DE-AUTORIA="1" NRO-ID-CNPQ=""/><AUTORES NOME-COMPLETO-DO-AUTOR="Regina Célia Paula Leal Toledo" NOME-PARA-CITACAO="Regina Célia Paula Leal Toledo" ORDEM-DE-AUTORIA="2" NRO-ID-CNPQ="5146026894831823"/><AUTORES NOME-COMPLETO-DO-AUTOR="Elson Magalhães Toledo" NOME-PARA-CITACAO="Elson Magalhães Toledo" ORDEM-DE-AUTORIA="4" NRO-ID-CNPQ=""/><AUTORES NOME-COMPLETO-DO-AUTOR="Otton Teixeira da Silveira Filho" NOME-PARA-CITACAO="SILVEIRA FILHO, O. T." ORDEM-DE-AUTORIA="3"/><PALAVRAS-CHAVE PALAVRA-CHAVE-1="Diferenças Finitas" PALAVRA-CHAVE-2="Equação de onda" PALAVRA-CHAVE-3="Adjustable Time Steps" PALAVRA-CHAVE-4="" PALAVRA-CHAVE-5="" PALAVRA-CHAVE-6=""/><AREAS-DO-CONHECIMENTO><AREA-DO-CONHECIMENTO-1 NOME-GRANDE-AREA-DO-CONHECIMENTO="CIENCIAS_EXATAS_E_DA_TERRA" NOME-DA-AREA-DO-CONHECIMENTO="Ciência da Computação" NOME-DA-SUB-AREA-DO-CONHECIMENTO="Matemática da Computação" NOME-DA-ESPECIALIDADE="Modelos Analíticos e de Simulação"/><AREA-DO-CONHECIMENTO-2 NOME-GRANDE-AREA-DO-CONHECIMENTO="ENGENHARIAS" NOME-DA-AREA-DO-CONHECIMENTO="Engenharia Mecânica" NOME-DA-SUB-AREA-DO-CONHECIMENTO="Fenômenos de Transporte" NOME-DA-ESPECIALIDADE="Princípios Variacionais e Métodos Numéricos"/></AREAS-DO-CONHECIMENTO><INFORMACOES-ADICIONAIS DESCRICAO-INFORMACOES-ADICIONAIS="" DESCRICAO-INFORMACOES-ADICIONAIS-INGLES=""/></ARTIGO-ACEITO-PARA-PUBLICACAO></ARTIGOS-ACEITOS-PARA-PUBLICACAO></PRODUCAO-BIBLIOGRAFICA><PRODUCAO-TECNICA><DEMAIS-TIPOS-DE-PRODUCAO-TECNICA><APRESENTACAO-DE-TRABALHO SEQUENCIA-PRODUCAO="26"><DADOS-BASICOS-DA-APRESENTACAO-DE-TRABALHO NATUREZA="CONGRESSO" TITULO="On Using Lacunarity for Diagnosis of Breast Diseases Considering Thermal Images" ANO="2009" PAIS="Estados Unidos" IDIOMA="Inglês" FLAG-RELEVANCIA="NAO" TITULO-INGLES="" FLAG-DIVULGACAO-CIENTIFICA="NAO"/><DETALHAMENTO-DA-APRESENTACAO-DE-TRABALHO NOME-DO-EVENTO="IWSSIP 2009 - 16th International Conference on Systems, Signals and Image Processing" INSTITUICAO-PROMOTORA="" LOCAL-DA-APRESENTACAO="Chalkida - Grécia" CIDADE-DA-APRESENTACAO="Chalkida" NOME-DO-EVENTO-INGLES=""/><AUTORES NOME-COMPLETO-DO-AUTOR="Aura Conci" NOME-PARA-CITACAO="Conci, A." ORDEM-DE-AUTORIA="2" NRO-ID-CNPQ="5601388085745497"/><AUTORES NOME-COMPLETO-DO-AUTOR="Lima, Rita C. F." NOME-PARA-CITACAO="Rita C. F. Lima" ORDEM-DE-AUTORIA="3" NRO-ID-CNPQ=""/><AUTORES NOME-COMPLETO-DO-AUTOR="Otton Teixeira da Silveira Filho" NOME-PARA-CITACAO="SILVEIRA FILHO, O. T." ORDEM-DE-AUTORIA="1"/><PALAVRAS-CHAVE PALAVRA-CHAVE-1="Biomedical Image Processing" PALAVRA-CHAVE-2="Fractal Parameters" PALAVRA-CHAVE-3="Lacunarity" PALAVRA-CHAVE-4="Thermomammography" PALAVRA-CHAVE-5="" PALAVRA-CHAVE-6=""/><AREAS-DO-CONHECIMENTO><AREA-DO-CONHECIMENTO-1 NOME-GRANDE-AREA-DO-CONHECIMENTO="CIENCIAS_EXATAS_E_DA_TERRA" NOME-DA-AREA-DO-CONHECIMENTO="Ciência da Computação" NOME-DA-SUB-AREA-DO-CONHECIMENTO="Matemática da Computação" NOME-DA-ESPECIALIDADE="Modelos Analíticos e de Simulação"/><AREA-DO-CONHECIMENTO-2 NOME-GRANDE-AREA-DO-CONHECIMENTO="CIENCIAS_EXATAS_E_DA_TERRA" NOME-DA-AREA-DO-CONHECIMENTO="Matemática" NOME-DA-SUB-AREA-DO-CONHECIMENTO="Matemática Aplicada" NOME-DA-ESPECIALIDADE=""/></AREAS-DO-CONHECIMENTO><INFORMACOES-ADICIONAIS DESCRICAO-INFORMACOES-ADICIONAIS="" DESCRICAO-INFORMACOES-ADICIONAIS-INGLES=""/></APRESENTACAO-DE-TRABALHO><ORGANIZACAO-DE-EVENTO SEQUENCIA-PRODUCAO="23"><DADOS-BASICOS-DA-ORGANIZACAO-DE-EVENTO TIPO="CONGRESSO" NATUREZA="ORGANIZACAO" TITULO="International Conference on Sistem Signal and Image Processing - IWSSIP 2010" ANO="2010" PAIS="Brasil" IDIOMA="Inglês" MEIO-DE-DIVULGACAO="MEIO_DIGITAL" HOME-PAGE-DO-TRABALHO="" FLAG-RELEVANCIA="NAO" DOI="" TITULO-INGLES="International Conference on Sistem Signal and Image Processing - IWSSIP 2010" FLAG-DIVULGACAO-CIENTIFICA="NAO"/><DETALHAMENTO-DA-ORGANIZACAO-DE-EVENTO INSTITUICAO-PROMOTORA="" DURACAO-EM-SEMANAS="" FLAG-EVENTO-ITINERANTE="S" FLAG-CATALOGO="" LOCAL="Hotel Novo Mundo" CIDADE="Rio de Janeiro"/><AUTORES NOME-COMPLETO-DO-AUTOR="Aura Conci" NOME-PARA-CITACAO="Conci, A." ORDEM-DE-AUTORIA="1" NRO-ID-CNPQ="5601388085745497"/><AUTORES NOME-COMPLETO-DO-AUTOR="Esteban Walter Gonzalez Clua" NOME-PARA-CITACAO="Esteban Clua" ORDEM-DE-AUTORIA="2" NRO-ID-CNPQ="4791589931798048"/><AUTORES NOME-COMPLETO-DO-AUTOR="Bokehi, José Raphael" NOME-PARA-CITACAO="Bokehi, José Raphael" ORDEM-DE-AUTORIA="3" NRO-ID-CNPQ=""/><AUTORES NOME-COMPLETO-DO-AUTOR="Leta, Fabiana R." NOME-PARA-CITACAO="Leta, Fabiana R." ORDEM-DE-AUTORIA="4" NRO-ID-CNPQ=""/><AUTORES NOME-COMPLETO-DO-AUTOR="Otton Teixeira da Silveira Filho" NOME-PARA-CITACAO="SILVEIRA FILHO, O. T." ORDEM-DE-AUTORIA="5"/><INFORMACOES-ADICIONAIS DESCRICAO-INFORMACOES-ADICIONAIS="" DESCRICAO-INFORMACOES-ADICIONAIS-INGLES=""/></ORGANIZACAO-DE-EVENTO></DEMAIS-TIPOS-DE-PRODUCAO-TECNICA></PRODUCAO-TECNICA><OUTRA-PRODUCAO><ORIENTACOES-CONCLUIDAS><ORIENTACOES-CONCLUIDAS-PARA-MESTRADO SEQUENCIA-PRODUCAO="12"><DADOS-BASICOS-DE-ORIENTACOES-CONCLUIDAS-PARA-MESTRADO NATUREZA="Dissertação de mestrado" TIPO="ACADEMICO" TITULO="Análise da Convergência do Método Hopmoc para uma equação de convecção-difusão" ANO="2005" PAIS="Brasil" IDIOMA="Português" HOME-PAGE="" FLAG-RELEVANCIA="NAO" DOI="" TITULO-INGLES=""/><DETALHAMENTO-DE-ORIENTACOES-CONCLUIDAS-PARA-MESTRADO TIPO-DE-ORIENTACAO="CO_ORIENTADOR" NOME-DO-ORIENTADO="Simoni Rangel de Freitas Oliveira" CODIGO-INSTITUICAO="000500000000" NOME-DA-INSTITUICAO="Universidade Federal Fluminense" CODIGO-CURSO="31020348" NOME-DO-CURSO="Computação" FLAG-BOLSA="NAO" CODIGO-AGENCIA-FINANCIADORA="" NOME-DA-AGENCIA="" NUMERO-DE-PAGINAS="" NUMERO-ID-ORIENTADO="" NOME-DO-CURSO-INGLES=""/><PALAVRAS-CHAVE PALAVRA-CHAVE-1="hopmoc" PALAVRA-CHAVE-2="equação de convecção-difusão" PALAVRA-CHAVE-3="" PALAVRA-CHAVE-4="" PALAVRA-CHAVE-5="" PALAVRA-CHAVE-6=""/><INFORMACOES-ADICIONAIS DESCRICAO-INFORMACOES-ADICIONAIS="" DESCRICAO-INFORMACOES-ADICIONAIS-INGLES=""/></ORIENTACOES-CONCLUIDAS-PARA-MESTRADO><ORIENTACOES-CONCLUIDAS-PARA-MESTRADO SEQUENCIA-PRODUCAO="17"><DADOS-BASICOS-DE-ORIENTACOES-CONCLUIDAS-PARA-MESTRADO NATUREZA="Dissertação de mestrado" TIPO="ACADEMICO" TITULO="Um Visualizador para Navegação Através de Cenários Tridimensionais Baseado em Malhas Adaptativas" ANO="2006" PAIS="Brasil" IDIOMA="Português" HOME-PAGE="" FLAG-RELEVANCIA="NAO" DOI="" TITULO-INGLES=""/><DETALHAMENTO-DE-ORIENTACOES-CONCLUIDAS-PARA-MESTRADO TIPO-DE-ORIENTACAO="CO_ORIENTADOR" NOME-DO-ORIENTADO="Diogo Robaina" CODIGO-INSTITUICAO="000500000000" NOME-DA-INSTITUICAO="Universidade Federal Fluminense" CODIGO-CURSO="31020348" NOME-DO-CURSO="Computação" FLAG-BOLSA="NAO" CODIGO-AGENCIA-FINANCIADORA="" NOME-DA-AGENCIA="" NUMERO-DE-PAGINAS="" NUMERO-ID-ORIENTADO="" NOME-DO-CURSO-INGLES=""/><INFORMACOES-ADICIONAIS DESCRICAO-INFORMACOES-ADICIONAIS="" DESCRICAO-INFORMACOES-ADICIONAIS-INGLES=""/></ORIENTACOES-CONCLUIDAS-PARA-MESTRADO><ORIENTACOES-CONCLUIDAS-PARA-MESTRADO SEQUENCIA-PRODUCAO="18"><DADOS-BASICOS-DE-ORIENTACOES-CONCLUIDAS-PARA-MESTRADO NATUREZA="Dissertação de mestrado" TIPO="ACADEMICO" TITULO="Aspectos Computacionais em Dispersão Térmica em Mieos Porosos Tridimensioais" ANO="2007" PAIS="Brasil" IDIOMA="Português" HOME-PAGE="" FLAG-RELEVANCIA="NAO" DOI="" TITULO-INGLES=""/><DETALHAMENTO-DE-ORIENTACOES-CONCLUIDAS-PARA-MESTRADO TIPO-DE-ORIENTACAO="ORIENTADOR_PRINCIPAL" NOME-DO-ORIENTADO="Augusto Garcia Almeida" CODIGO-INSTITUICAO="000500000000" NOME-DA-INSTITUICAO="Universidade Federal Fluminense" CODIGO-CURSO="31020348" NOME-DO-CURSO="Computação" FLAG-BOLSA="NAO" CODIGO-AGENCIA-FINANCIADORA="" NOME-DA-AGENCIA="" NUMERO-DE-PAGINAS="" NUMERO-ID-ORIENTADO="3015286906157496" NOME-DO-CURSO-INGLES=""/><INFORMACOES-ADICIONAIS DESCRICAO-INFORMACOES-ADICIONAIS="" DESCRICAO-INFORMACOES-ADICIONAIS-INGLES=""/></ORIENTACOES-CONCLUIDAS-PARA-MESTRADO></ORIENTACOES-CONCLUIDAS></OUTRA-PRODUCAO><DADOS-COMPLEMENTARES><PARTICIPACAO-EM-BANCA-TRABALHOS-CONCLUSAO><PARTICIPACAO-EM-BANCA-DE-MESTRADO SEQUENCIA-PRODUCAO="19"><DADOS-BASICOS-DA-PARTICIPACAO-EM-BANCA-DE-MESTRADO NATUREZA="Mestrado" TIPO="ACADEMICO" TITULO="Sistema de Animação de personagens para o framework Guff" ANO="2006" PAIS="Brasil" IDIOMA="Português" HOME-PAGE="" DOI="" TITULO-INGLES=""/><DETALHAMENTO-DA-PARTICIPACAO-EM-BANCA-DE-MESTRADO NOME-DO-CANDIDATO="Márcio da Silva Camilo" CODIGO-INSTITUICAO="000500000000" NOME-INSTITUICAO="Universidade Federal Fluminense" CODIGO-CURSO="31020348" NOME-CURSO="Computação" NOME-CURSO-INGLES=""/><PARTICIPANTE-BANCA NOME-COMPLETO-DO-PARTICIPANTE-DA-BANCA="Otton Teixeira da Silveira Filho" NOME-PARA-CITACAO-DO-PARTICIPANTE-DA-BANCA="SILVEIRA FILHO, O. T." ORDEM-PARTICIPANTE="1"/><INFORMACOES-ADICIONAIS DESCRICAO-INFORMACOES-ADICIONAIS="" DESCRICAO-INFORMACOES-ADICIONAIS-INGLES=""/></PARTICIPACAO-EM-BANCA-DE-MESTRADO><PARTICIPACAO-EM-BANCA-DE-MESTRADO SEQUENCIA-PRODUCAO="20"><DADOS-BASICOS-DA-PARTICIPACAO-EM-BANCA-DE-MESTRADO NATUREZA="Mestrado" TIPO="ACADEMICO" TITULO="Métodos Semi-analíticos Pertubativos para Tragetória de Projéteis" ANO="2008" PAIS="Brasil" IDIOMA="Português" HOME-PAGE="" DOI="" TITULO-INGLES=""/><DETALHAMENTO-DA-PARTICIPACAO-EM-BANCA-DE-MESTRADO NOME-DO-CANDIDATO="Luis André Gomes de Abreu" CODIGO-INSTITUICAO="000500000000" NOME-INSTITUICAO="Universidade Federal Fluminense" CODIGO-CURSO="31020348" NOME-CURSO="Computação" NOME-CURSO-INGLES=""/><PARTICIPANTE-BANCA NOME-COMPLETO-DO-PARTICIPANTE-DA-BANCA="Otton Teixeira da Silveira Filho" NOME-PARA-CITACAO-DO-PARTICIPANTE-DA-BANCA="SILVEIRA FILHO, O. T." ORDEM-PARTICIPANTE="1"/><INFORMACOES-ADICIONAIS DESCRICAO-INFORMACOES-ADICIONAIS="" DESCRICAO-INFORMACOES-ADICIONAIS-INGLES=""/></PARTICIPACAO-EM-BANCA-DE-MESTRADO><PARTICIPACAO-EM-BANCA-DE-MESTRADO SEQUENCIA-PRODUCAO="27"><DADOS-BASICOS-DA-PARTICIPACAO-EM-BANCA-DE-MESTRADO NATUREZA="Mestrado" TIPO="ACADEMICO" TITULO="Método de Diferenças Finitas para a Equação da Onda Acústica Utilizando Passos de Tempos Ajustados Localmente" ANO="2012" PAIS="Brasil" IDIOMA="Português" HOME-PAGE="" DOI="" TITULO-INGLES=""/><DETALHAMENTO-DA-PARTICIPACAO-EM-BANCA-DE-MESTRADO NOME-DO-CANDIDATO="Alexandre José Miranda Antunes" CODIGO-INSTITUICAO="000500000000" NOME-INSTITUICAO="Universidade Federal Fluminense" CODIGO-CURSO="60061065" NOME-CURSO="CIÊNCIAS DA COMPUTAÇÃO" NOME-CURSO-INGLES=""/><PARTICIPANTE-BANCA NOME-COMPLETO-DO-PARTICIPANTE-DA-BANCA="Regina Célia Paula Leal Toledo" NOME-PARA-CITACAO-DO-PARTICIPANTE-DA-BANCA="Regina Célia Paula Leal Toledo" ORDEM-PARTICIPANTE="1" NRO-ID-CNPQ="5146026894831823"/><PARTICIPANTE-BANCA NOME-COMPLETO-DO-PARTICIPANTE-DA-BANCA="Antônio Carlos de Moura" NOME-PARA-CITACAO-DO-PARTICIPANTE-DA-BANCA="MOURA, A. C." ORDEM-PARTICIPANTE="3" NRO-ID-CNPQ=""/><PARTICIPANTE-BANCA NOME-COMPLETO-DO-PARTICIPANTE-DA-BANCA="Otton Teixeira da Silveira Filho" NOME-PARA-CITACAO-DO-PARTICIPANTE-DA-BANCA="SILVEIRA FILHO, O. T." ORDEM-PARTICIPANTE="2"/><PALAVRAS-CHAVE PALAVRA-CHAVE-1="Métodos numéricos" PALAVRA-CHAVE-2="Diferenças Finitas" PALAVRA-CHAVE-3="Métodos Adaptativos" PALAVRA-CHAVE-4="Equação de onda" PALAVRA-CHAVE-5="" PALAVRA-CHAVE-6=""/><INFORMACOES-ADICIONAIS DESCRICAO-INFORMACOES-ADICIONAIS="" DESCRICAO-INFORMACOES-ADICIONAIS-INGLES=""/></PARTICIPACAO-EM-BANCA-DE-MESTRADO></PARTICIPACAO-EM-BANCA-TRABALHOS-CONCLUSAO><INFORMACOES-ADICIONAIS-INSTITUICOES><INFORMACAO-ADICIONAL-INSTITUICAO CODIGO-INSTITUICAO="000500000000" SIGLA-INSTITUICAO="UFF" SIGLA-UF-INSTITUICAO="RJ" SIGLA-PAIS-INSTITUICAO="BRA" NOME-PAIS-INSTITUICAO="Brasil" FLAG-AGENCIA-FOMENTO="NAO" FLAG-INSTITUICAO-DE-ENSINO="SIM"/><INFORMACAO-ADICIONAL-INSTITUICAO CODIGO-INSTITUICAO="000501001999" SIGLA-INSTITUICAO="" SIGLA-UF-INSTITUICAO="RJ" SIGLA-PAIS-INSTITUICAO="BRA" NOME-PAIS-INSTITUICAO="Brasil" FLAG-AGENCIA-FOMENTO="NAO" FLAG-INSTITUICAO-DE-ENSINO="NAO"/><INFORMACAO-ADICIONAL-INSTITUICAO CODIGO-INSTITUICAO="028700000003" SIGLA-INSTITUICAO="PETROBRAS" SIGLA-UF-INSTITUICAO="RJ" SIGLA-PAIS-INSTITUICAO="BRA" NOME-PAIS-INSTITUICAO="Brasil" FLAG-AGENCIA-FOMENTO="NAO" FLAG-INSTITUICAO-DE-ENSINO="NAO"/><INFORMACAO-ADICIONAL-INSTITUICAO CODIGO-INSTITUICAO="032600000000" SIGLA-INSTITUICAO="UERJ" SIGLA-UF-INSTITUICAO="RJ" SIGLA-PAIS-INSTITUICAO="BRA" NOME-PAIS-INSTITUICAO="Brasil" FLAG-AGENCIA-FOMENTO="NAO" FLAG-INSTITUICAO-DE-ENSINO="SIM"/></INFORMACOES-ADICIONAIS-INSTITUICOES><INFORMACOES-ADICIONAIS-CURSOS><INFORMACAO-ADICIONAL-CURSO CODIGO-CURSO="31020348" CODIGO-ORGAO="" NOME-ORGAO="" CODIGO-INSTITUICAO="000500000000" NOME-INSTITUICAO="Universidade Federal Fluminense" NOME-GRANDE-AREA-DO-CONHECIMENTO="CIENCIAS_EXATAS_E_DA_TERRA" NOME-DA-AREA-DO-CONHECIMENTO="Ciência da Computação" NOME-DA-SUB-AREA-DO-CONHECIMENTO="" NOME-DA-ESPECIALIDADE="" NIVEL-CURSO="MESTRADO_DOUTORADO"/><INFORMACAO-ADICIONAL-CURSO CODIGO-CURSO="60061065" CODIGO-ORGAO="" NOME-ORGAO="" CODIGO-INSTITUICAO="000500000000" NOME-INSTITUICAO="Universidade Federal Fluminense" NOME-GRANDE-AREA-DO-CONHECIMENTO="CIENCIAS_EXATAS_E_DA_TERRA" NOME-DA-AREA-DO-CONHECIMENTO="Ciência da Computação" NOME-DA-SUB-AREA-DO-CONHECIMENTO="" NOME-DA-ESPECIALIDADE="" NIVEL-CURSO="MESTRADO"/><INFORMACAO-ADICIONAL-CURSO CODIGO-CURSO="90000002" CODIGO-ORGAO="" NOME-ORGAO="" CODIGO-INSTITUICAO="032600000000" NOME-INSTITUICAO="Universidade do Estado do Rio de Janeiro" NOME-GRANDE-AREA-DO-CONHECIMENTO="OUTROS" NOME-DA-AREA-DO-CONHECIMENTO="" NOME-DA-SUB-AREA-DO-CONHECIMENTO="" NOME-DA-ESPECIALIDADE="" NIVEL-CURSO="DOUTORADO"/><INFORMACAO-ADICIONAL-CURSO CODIGO-CURSO="90000003" CODIGO-ORGAO="" NOME-ORGAO="" CODIGO-INSTITUICAO="000500000000" NOME-INSTITUICAO="Universidade Federal Fluminense" NOME-GRANDE-AREA-DO-CONHECIMENTO="CIENCIAS_EXATAS_E_DA_TERRA" NOME-DA-AREA-DO-CONHECIMENTO="Ciência da Computação" NOME-DA-SUB-AREA-DO-CONHECIMENTO="" NOME-DA-ESPECIALIDADE="" NIVEL-CURSO="GRADUACAO"/></INFORMACOES-ADICIONAIS-CURSOS></DADOS-COMPLEMENTARES><eventos/><DADOS-GERAIS-COMPLEMENTO><DATA-VALIDACAO>1426182389000</DATA-VALIDACAO><DATA-ATUALIZACAO-CURRICULO>1426182389000</DATA-ATUALIZACAO-CURRICULO><EMAIL-ALTERNATIVO>otteisil@yahoo.com.br</EMAIL-ALTERNATIVO><IDIOMA-CURRICULO>PT</IDIOMA-CURRICULO><VERSAO-INGLES>S</VERSAO-INGLES><VALIDADO-SRF>N</VALIDADO-SRF></DADOS-GERAIS-COMPLEMENTO></CURRICULO-VITAE>